timestamp,pid,nome,usuario,cpu,ram_percent,ram_mb,status,tempo_execucao,latencia_ms
2026-05-23 23:50:03,0,System Idle Process,NT AUTHORITY\SYSTEM,1474.5,0.0,0.01,running,20597d 2h 50min,8.56
2026-05-23 23:50:03,4,System,NT AUTHORITY\SYSTEM,59.4,0.0,0.01,running,20597d 2h 50min,6.69
2026-05-23 23:50:03,236,,,0.0,0.53,41.99,stopped,1d 14h 31min,7.66
2026-05-23 23:50:04,280,Registry,,0.0,0.17,13.18,running,1d 14h 31min,6.01
2026-05-23 23:50:04,460,chrome.exe,JORTIEKE\ricar,0.0,0.08,6.21,running,0d 3h 43min,0.03
2026-05-23 23:50:04,752,cmd.exe,JORTIEKE\ricar,0.0,0.01,0.44,running,0d 0h 3min,0.02
2026-05-23 23:50:04,828,smss.exe,,0.0,0.0,0.0,running,1d 14h 31min,6.97
2026-05-23 23:50:04,1180,csrss.exe,,0.0,0.01,1.16,running,1d 14h 31min,8.22
2026-05-23 23:50:04,1288,wininit.exe,,0.0,0.01,1.11,running,1d 14h 31min,9.07
2026-05-23 23:50:04,1364,services.exe,,0.0,0.06,5.09,running,1d 14h 31min,7.09
2026-05-23 23:50:05,1384,LsaIso.exe,,0.0,0.01,0.5,running,1d 14h 31min,5.71
2026-05-23 23:50:05,1392,lsass.exe,,0.0,0.13,9.93,running,1d 14h 31min,5.28
2026-05-23 23:50:05,1404,Code.exe,JORTIEKE\ricar,0.0,2.82,222.27,running,0d 0h 4min,0.01
2026-05-23 23:50:05,1444,chrome.exe,JORTIEKE\ricar,0.0,0.04,3.22,running,0d 3h 43min,0.01
2026-05-23 23:50:05,1456,svchost.exe,,0.0,0.02,1.58,running,1d 14h 31min,8.03
2026-05-23 23:50:05,1524,svchost.exe,,0.0,0.12,9.41,running,1d 14h 31min,6.51
2026-05-23 23:50:05,1552,svchost.exe,,0.0,0.05,4.19,running,1d 14h 31min,6.43
2026-05-23 23:50:06,1556,fontdrvhost.exe,,0.0,0.0,0.39,running,1d 14h 31min,6.09
2026-05-23 23:50:06,1608,WUDFHost.exe,,0.0,0.01,0.96,running,1d 14h 31min,7.41
2026-05-23 23:50:06,1624,RtkAudUService64.exe,JORTIEKE\ricar,0.0,0.03,2.27,running,0d 3h 43min,0.01
2026-05-23 23:50:06,1652,svchost.exe,,0.0,0.02,1.5,running,1d 14h 31min,7.01
2026-05-23 23:50:06,1664,svchost.exe,,0.0,0.11,8.6,running,1d 14h 31min,9.88
2026-05-23 23:50:06,1708,svchost.exe,,0.0,0.03,2.43,running,1d 14h 31min,4.85
2026-05-23 23:50:06,1788,WUDFHost.exe,,0.0,0.06,4.52,running,1d 14h 31min,6.38
2026-05-23 23:50:07,1800,RemoteDesktopCompanion.exe,JORTIEKE\ricar,0.0,0.12,9.61,running,0d 3h 44min,0.03
2026-05-23 23:50:07,1876,chrome.exe,JORTIEKE\ricar,62.1,5.14,406.11,running,0d 0h 28min,0.02
2026-05-23 23:50:07,1920,WUDFHost.exe,,0.0,0.02,1.36,running,1d 14h 31min,12.61
2026-05-23 23:50:07,2004,chrome.exe,JORTIEKE\ricar,0.0,0.11,8.34,running,0d 0h 37min,0.02
2026-05-23 23:50:07,2040,svchost.exe,,0.0,0.01,0.74,running,1d 14h 31min,8.28
2026-05-23 23:50:07,2236,svchost.exe,,0.0,0.02,1.36,running,1d 14h 31min,7.89
2026-05-23 23:50:07,2244,svchost.exe,,0.0,0.01,1.02,running,1d 14h 31min,7.17
2026-05-23 23:50:07,2296,svchost.exe,JORTIEKE\ricar,0.0,0.01,1.05,running,0d 3h 44min,0.05
2026-05-23 23:50:08,2388,svchost.exe,,0.0,0.03,2.04,running,0d 0h 3min,4.85
2026-05-23 23:50:08,2400,IntelCpHDCPSvc.exe,,0.0,0.01,0.69,running,1d 14h 31min,4.9
2026-05-23 23:50:08,2416,svchost.exe,,0.0,0.01,1.12,running,1d 14h 31min,8.74
2026-05-23 23:50:08,2480,WUDFHost.exe,,0.0,0.02,1.2,running,1d 14h 31min,6.95
2026-05-23 23:50:08,2532,svchost.exe,,0.0,0.02,1.36,running,1d 14h 31min,6.22
2026-05-23 23:50:08,2560,svchost.exe,,0.0,0.08,6.3,running,1d 14h 31min,4.95
2026-05-23 23:50:08,2596,svchost.exe,,0.0,0.02,1.9,running,1d 14h 31min,5.26
2026-05-23 23:50:09,2728,svchost.exe,,0.0,0.07,5.75,running,1d 14h 31min,7.95
2026-05-23 23:50:09,2776,svchost.exe,,0.0,0.02,1.84,running,1d 14h 31min,5.48
2026-05-23 23:50:09,2836,svchost.exe,,0.0,0.01,0.9,running,1d 14h 31min,5.7
2026-05-23 23:50:09,2872,svchost.exe,,0.0,0.02,1.39,running,1d 14h 27min,5.23
2026-05-23 23:50:09,2944,Code.exe,JORTIEKE\ricar,0.0,0.01,1.07,running,0d 3h 36min,0.02
2026-05-23 23:50:09,3124,svchost.exe,,0.0,0.07,5.37,running,1d 14h 31min,5.83
2026-05-23 23:50:09,3156,svchost.exe,,0.0,0.02,1.24,running,1d 14h 31min,6.42
2026-05-23 23:50:10,3164,svchost.exe,,0.0,0.02,1.22,running,1d 14h 31min,7.27
2026-05-23 23:50:10,3196,Code.exe,JORTIEKE\ricar,0.0,0.01,1.09,running,0d 3h 41min,0.02
2026-05-23 23:50:10,3244,svchost.exe,,0.0,0.01,0.98,running,1d 14h 31min,6.83
2026-05-23 23:50:10,3292,OpenConsole.exe,JORTIEKE\ricar,0.0,0.02,1.46,running,0d 0h 4min,0.01
2026-05-23 23:50:10,3336,svchost.exe,,0.0,0.02,1.83,running,1d 14h 31min,7.57
2026-05-23 23:50:10,3416,NVDisplay.Container.exe,,0.0,0.18,14.25,running,1d 14h 31min,6.82
2026-05-23 23:50:10,3424,svchost.exe,,0.0,0.02,1.68,running,1d 14h 31min,5.83
2026-05-23 23:50:11,3432,WUDFHost.exe,,0.0,0.05,4.19,running,1d 14h 31min,7.99
2026-05-23 23:50:11,3576,svchost.exe,,0.0,0.08,6.21,running,1d 14h 31min,5.38
2026-05-23 23:50:11,3600,chrome.exe,JORTIEKE\ricar,0.0,0.9,71.07,running,0d 3h 28min,0.02
2026-05-23 23:50:11,3624,svchost.exe,,0.0,0.02,1.27,running,1d 14h 31min,4.62
2026-05-23 23:50:11,3632,svchost.exe,,0.0,0.03,2.22,running,1d 14h 31min,9.56
2026-05-23 23:50:11,3640,svchost.exe,,0.0,0.01,1.03,running,1d 14h 31min,6.36
2026-05-23 23:50:11,3744,MemCompression,,0.0,0.71,56.74,running,1d 14h 31min,6.88
2026-05-23 23:50:12,3768,svchost.exe,,0.0,0.01,0.56,running,1d 14h 31min,6.12
2026-05-23 23:50:12,3812,svchost.exe,,0.0,0.02,1.29,running,1d 14h 31min,5.84
2026-05-23 23:50:12,3820,svchost.exe,,0.0,0.02,1.21,running,1d 14h 31min,4.69
2026-05-23 23:50:12,3856,OVRServiceLauncher.exe,,0.0,0.01,0.81,running,1d 14h 31min,6.0
2026-05-23 23:50:12,3868,svchost.exe,,0.0,0.05,3.62,running,1d 14h 31min,6.81
2026-05-23 23:50:12,3880,chrome.exe,JORTIEKE\ricar,0.0,0.05,3.55,running,0d 3h 30min,0.02
2026-05-23 23:50:12,3916,Code.exe,JORTIEKE\ricar,0.0,0.23,18.05,running,0d 0h 4min,0.04
2026-05-23 23:50:12,3972,svchost.exe,,0.0,0.05,3.78,running,1d 14h 31min,7.48
2026-05-23 23:50:13,4016,svchost.exe,,0.0,0.02,1.43,running,1d 14h 31min,6.46
2026-05-23 23:50:13,4092,svchost.exe,,0.0,0.03,2.17,running,1d 14h 31min,7.19
2026-05-23 23:50:13,4104,svchost.exe,,0.0,0.13,10.02,running,1d 14h 31min,7.15
2026-05-23 23:50:13,4128,powershell.exe,JORTIEKE\ricar,0.0,0.02,1.91,running,0d 0h 4min,0.02
2026-05-23 23:50:13,4232,svchost.exe,,0.0,0.06,4.58,running,1d 14h 31min,7.59
2026-05-23 23:50:13,4288,svchost.exe,,0.0,0.02,1.36,running,1d 14h 31min,6.73
2026-05-23 23:50:13,4308,taskhostw.exe,JORTIEKE\ricar,0.0,0.02,1.48,running,0d 3h 44min,0.03
2026-05-23 23:50:14,4312,ctfmon.exe,JORTIEKE\ricar,0.0,0.12,9.46,running,0d 3h 44min,0.06
2026-05-23 23:50:14,4416,spoolsv.exe,,0.0,0.02,1.43,running,1d 14h 31min,5.35
2026-05-23 23:50:14,4444,svchost.exe,,0.0,0.07,5.57,running,1d 14h 31min,4.87
2026-05-23 23:50:14,4480,AcerQAAgent.exe,,0.0,0.04,2.77,running,1d 14h 31min,5.28
2026-05-23 23:50:14,4512,svchost.exe,,0.0,0.02,1.89,running,1d 14h 31min,7.18
2026-05-23 23:50:14,4552,ShellHost.exe,JORTIEKE\ricar,0.0,0.02,1.54,running,0d 3h 27min,0.02
2026-05-23 23:50:14,4572,svchost.exe,,0.0,0.01,0.89,running,1d 14h 31min,5.99
2026-05-23 23:50:15,4604,AcerCentralService.exe,,0.0,0.04,3.06,running,1d 14h 31min,6.95
2026-05-23 23:50:15,4740,svchost.exe,,0.0,0.02,1.32,running,1d 14h 29min,5.44
2026-05-23 23:50:15,4756,svchost.exe,,0.0,0.13,9.89,running,1d 14h 31min,4.54
2026-05-23 23:50:15,4788,svchost.exe,,0.0,0.16,12.38,running,1d 14h 31min,4.74
2026-05-23 23:50:15,4836,RtkUWP.exe,JORTIEKE\ricar,0.0,0.0,0.01,stopped,0d 0h 22min,0.04
2026-05-23 23:50:15,4856,svchost.exe,,0.0,0.02,1.67,running,1d 14h 31min,4.9
2026-05-23 23:50:15,4892,svchost.exe,,0.0,0.15,11.52,running,1d 14h 31min,7.54
2026-05-23 23:50:16,4900,svchost.exe,,0.0,0.01,1.08,running,1d 14h 31min,6.79
2026-05-23 23:50:16,4908,svchost.exe,,0.0,0.0,0.06,running,1d 14h 31min,7.48
2026-05-23 23:50:16,4944,HPSIsvc.exe,,0.0,0.02,1.37,running,1d 14h 31min,5.27
2026-05-23 23:50:16,5000,AcerCCAgent.exe,,0.0,0.03,2.7,running,1d 14h 31min,7.25
2026-05-23 23:50:16,5088,nvcontainer.exe,,0.0,0.03,2.28,running,1d 14h 31min,8.88
2026-05-23 23:50:16,5096,ipf_uf.exe,,0.0,0.02,1.24,running,1d 14h 31min,7.32
2026-05-23 23:50:16,5104,DtsApo4Service.exe,,0.0,0.01,0.96,running,1d 14h 31min,7.66
2026-05-23 23:50:17,5112,AcerDIAgent.exe,,0.0,0.02,1.42,running,1d 14h 31min,7.62
2026-05-23 23:50:17,5124,mtkbtsvc.exe,,0.0,0.02,1.25,running,1d 14h 31min,6.42
2026-05-23 23:50:17,5160,IntelGraphicsSoftware.Service.exe,,0.0,0.03,2.71,running,1d 14h 31min,5.79
2026-05-23 23:50:17,5180,AcerLightingService.exe,,0.0,0.01,1.17,running,1d 14h 31min,6.16
2026-05-23 23:50:17,5188,ADESv2Svc.exe,,0.0,0.01,0.79,running,1d 14h 31min,7.79
2026-05-23 23:50:17,5220,AcerGAICameraService.exe,,0.0,0.01,0.8,running,1d 14h 31min,7.3
2026-05-23 23:50:17,5228,IntelAudioService.exe,,0.0,0.02,1.83,running,1d 14h 31min,6.75
2026-05-23 23:50:18,5244,DSAUpdateService.exe,,0.0,0.03,2.71,running,1d 14h 31min,5.43
2026-05-23 23:50:18,5252,DSAService.exe,,0.0,0.07,5.55,running,1d 14h 31min,8.71
2026-05-23 23:50:18,5268,armsvc.exe,,0.0,0.03,2.56,running,1d 14h 31min,6.66
2026-05-23 23:50:18,5304,esrv.exe,JORTIEKE\ricar,0.0,0.14,11.09,running,0d 3h 44min,0.01
2026-05-23 23:50:18,5324,AcerServiceWrapper.exe,,0.0,0.02,1.28,running,1d 14h 31min,6.38
2026-05-23 23:50:18,5408,ARTAimmxService.exe,,0.0,0.01,0.66,running,1d 14h 31min,6.72
2026-05-23 23:50:19,5416,AcerPixyService.exe,,0.0,0.04,2.77,running,1d 14h 31min,5.45
2026-05-23 23:50:19,5464,AcerSystemCentralService.exe,,0.0,0.02,1.51,running,1d 14h 31min,5.7
2026-05-23 23:50:19,5472,WMIRegistrationService.exe,,0.0,0.02,1.34,running,1d 14h 31min,6.63
2026-05-23 23:50:19,5480,jhi_service.exe,,0.0,0.01,0.78,running,1d 14h 31min,4.66
2026-05-23 23:50:19,5488,AAADSvc.exe,,0.0,0.01,0.61,running,1d 14h 31min,5.77
2026-05-23 23:50:19,5500,RtkAudUService64.exe,,0.0,0.02,1.68,running,1d 14h 31min,6.56
2026-05-23 23:50:19,5508,AcerEZService.exe,,0.0,0.09,6.73,running,1d 14h 31min,7.12
2026-05-23 23:50:20,5544,ipfsvc.exe,,0.0,0.03,2.15,running,1d 14h 31min,5.68
2026-05-23 23:50:20,5560,mysqld.exe,,0.0,0.01,1.04,running,1d 14h 31min,6.16
2026-05-23 23:50:20,5568,OfficeClickToRun.exe,,0.0,0.05,4.12,running,1d 14h 31min,6.24
2026-05-23 23:50:20,5768,mysqld.exe,,0.0,0.16,13.0,running,1d 14h 31min,6.15
2026-05-23 23:50:20,5828,AcerAgentService.exe,,0.0,0.01,1.12,running,1d 14h 31min,7.49
2026-05-23 23:50:20,6184,chrome.exe,JORTIEKE\ricar,0.0,1.68,132.34,running,0d 0h 1min,0.02
2026-05-23 23:50:20,6256,chrome.exe,JORTIEKE\ricar,0.0,0.05,4.32,running,0d 3h 44min,0.01
2026-05-23 23:50:20,6260,svchost.exe,,0.0,0.03,2.18,running,1d 14h 31min,6.9
2026-05-23 23:50:21,6308,Rterm.exe,JORTIEKE\ricar,0.0,0.32,24.88,running,0d 0h 4min,0.01
2026-05-23 23:50:21,6428,msedgewebview2.exe,JORTIEKE\ricar,0.0,0.02,1.72,running,0d 3h 42min,0.06
2026-05-23 23:50:21,6448,chrome.exe,JORTIEKE\ricar,0.0,2.18,172.31,running,0d 3h 44min,0.02
2026-05-23 23:50:21,6628,Code.exe,JORTIEKE\ricar,0.0,0.03,2.21,running,0d 3h 35min,0.02
2026-05-23 23:50:21,6748,AcerService.exe,,0.0,0.03,2.63,running,1d 14h 31min,6.48
2026-05-23 23:50:21,6780,Code.exe,JORTIEKE\ricar,0.0,5.32,419.69,running,0d 0h 4min,0.17
2026-05-23 23:50:21,6820,jusched.exe,JORTIEKE\ricar,0.0,0.0,0.08,running,0d 3h 43min,0.07
2026-05-23 23:50:21,6896,conhost.exe,,0.0,0.01,0.43,running,1d 14h 31min,6.25
2026-05-23 23:50:22,6936,conhost.exe,,0.0,0.01,0.41,running,1d 14h 31min,5.69
2026-05-23 23:50:22,7504,Rterm.exe,JORTIEKE\ricar,0.0,0.53,41.83,running,0d 0h 4min,0.01
2026-05-23 23:50:22,7536,esrv_svc.exe,,0.0,0.42,33.51,running,0d 8h 13min,5.76
2026-05-23 23:50:22,7636,svchost.exe,,0.0,0.12,9.27,running,1d 14h 31min,4.44
2026-05-23 23:50:22,7660,dasHost.exe,,0.0,0.02,1.19,running,1d 14h 31min,6.29
2026-05-23 23:50:22,7696,TabTip.exe,JORTIEKE\ricar,0.0,0.11,8.78,running,0d 3h 44min,0.02
2026-05-23 23:50:22,7860,svchost.exe,JORTIEKE\ricar,0.0,0.04,2.79,running,0d 3h 44min,0.02
2026-05-23 23:50:22,7940,WmiPrvSE.exe,,0.0,0.19,15.06,running,0d 0h 0min,4.77
2026-05-23 23:50:23,8040,R.exe,JORTIEKE\ricar,0.0,0.01,0.85,running,0d 0h 4min,0.02
2026-05-23 23:50:23,8276,msedgewebview2.exe,JORTIEKE\ricar,0.0,0.1,7.92,running,0d 3h 44min,0.01
2026-05-23 23:50:23,8320,SnippingTool.exe,JORTIEKE\ricar,0.0,0.01,1.14,running,0d 0h 48min,0.01
2026-05-23 23:50:23,8376,chrome.exe,JORTIEKE\ricar,0.0,0.49,38.86,running,0d 0h 2min,0.01
2026-05-23 23:50:23,8596,RuntimeBroker.exe,JORTIEKE\ricar,0.0,0.02,1.43,running,0d 0h 22min,0.01
2026-05-23 23:50:23,8660,PresentMonService.exe,,0.0,0.01,1.17,running,1d 14h 31min,4.94
2026-05-23 23:50:23,8672,conhost.exe,,0.0,0.01,0.57,running,1d 14h 31min,6.99
2026-05-23 23:50:23,8692,svchost.exe,,0.0,0.04,3.15,running,1d 14h 31min,7.11
2026-05-23 23:50:24,8732,chrome.exe,JORTIEKE\ricar,0.0,1.8,142.25,running,0d 0h 1min,0.02
2026-05-23 23:50:24,8828,winlogon.exe,,0.0,0.01,0.73,running,0d 5h 20min,5.8
2026-05-23 23:50:24,9068,svchost.exe,,0.0,0.01,1.04,running,1d 14h 29min,7.78
2026-05-23 23:50:24,9108,WmiPrvSE.exe,,0.0,0.08,6.11,running,1d 14h 31min,7.55
2026-05-23 23:50:24,9156,svchost.exe,,0.0,0.01,0.87,running,1d 14h 29min,6.08
2026-05-23 23:50:24,9256,cmd.exe,JORTIEKE\ricar,0.0,0.01,0.45,running,0d 0h 4min,0.02
2026-05-23 23:50:24,9580,MpDefenderCoreService.exe,,0.0,0.02,1.88,running,1d 14h 16min,6.53
2026-05-23 23:50:25,9832,audiodg.exe,,15.6,0.24,18.6,running,0d 0h 57min,0.01
2026-05-23 23:50:25,9968,nvcontainer.exe,JORTIEKE\ricar,0.0,0.17,13.05,running,0d 3h 44min,0.01
2026-05-23 23:50:25,10060,RtkAudUService64.exe,,0.0,0.02,1.8,running,0d 3h 44min,4.92
2026-05-23 23:50:25,10068,SecurityHealthSystray.exe,JORTIEKE\ricar,0.0,0.01,0.92,running,0d 3h 44min,0.01
2026-05-23 23:50:25,10204,svchost.exe,,0.0,0.01,1.16,running,1d 14h 31min,4.78
2026-05-23 23:50:25,10324,Code.exe,JORTIEKE\ricar,0.0,0.15,12.2,running,0d 3h 42min,0.02
2026-05-23 23:50:25,10588,svchost.exe,,0.0,0.04,3.11,running,1d 14h 31min,5.07
2026-05-23 23:50:25,10600,taskhostw.exe,JORTIEKE\ricar,0.0,0.03,2.43,running,0d 3h 44min,0.02
2026-05-23 23:50:26,10616,svchost.exe,,0.0,0.03,2.13,running,1d 14h 31min,5.61
2026-05-23 23:50:26,10636,NVIDIA Overlay.exe,JORTIEKE\ricar,0.0,0.12,9.71,running,0d 3h 44min,0.02
2026-05-23 23:50:26,10716,svchost.exe,,0.0,0.02,1.32,running,1d 14h 31min,5.52
2026-05-23 23:50:26,10724,svchost.exe,,0.0,0.02,1.55,running,1d 14h 31min,6.18
2026-05-23 23:50:26,10808,NgcIso.exe,,0.0,0.01,1.11,running,1d 14h 31min,5.67
2026-05-23 23:50:26,10968,Code.exe,JORTIEKE\ricar,0.0,0.21,16.35,running,0d 3h 42min,0.01
2026-05-23 23:50:26,11120,svchost.exe,,0.0,0.02,1.9,running,1d 14h 31min,6.92
2026-05-23 23:50:26,11152,svchost.exe,,0.0,0.01,0.95,running,1d 14h 31min,7.62
2026-05-23 23:50:27,11480,svchost.exe,,0.0,0.09,7.24,running,1d 14h 31min,6.48
2026-05-23 23:50:27,11500,wlanext.exe,,0.0,0.01,0.82,running,1d 14h 31min,6.27
2026-05-23 23:50:27,11508,svchost.exe,JORTIEKE\ricar,0.0,0.02,1.68,running,0d 3h 44min,0.02
2026-05-23 23:50:27,11860,msedgewebview2.exe,JORTIEKE\ricar,0.0,0.05,3.95,running,0d 3h 42min,0.05
2026-05-23 23:50:27,12020,CrossDeviceResume.exe,JORTIEKE\ricar,0.0,0.05,3.64,running,0d 3h 44min,0.02
2026-05-23 23:50:27,12092,AggregatorHost.exe,,0.0,0.04,3.09,running,1d 14h 31min,9.46
2026-05-23 23:50:27,12200,Widgets.exe,JORTIEKE\ricar,0.0,0.02,1.93,running,0d 3h 44min,0.01
2026-05-23 23:50:27,12236,dllhost.exe,JORTIEKE\ricar,0.0,0.02,1.79,running,0d 0h 4min,0.01
2026-05-23 23:50:28,12328,chrome.exe,JORTIEKE\ricar,0.0,3.38,266.49,running,0d 2h 40min,0.01
2026-05-23 23:50:28,12524,svchost.exe,,0.0,0.02,1.64,running,1d 14h 29min,5.02
2026-05-23 23:50:28,12584,OpenConsole.exe,JORTIEKE\ricar,0.0,0.01,1.18,running,0d 0h 4min,0.02
2026-05-23 23:50:28,12696,bash.exe,JORTIEKE\ricar,0.0,0.01,0.87,running,0d 3h 42min,0.03
2026-05-23 23:50:28,12752,NVDisplay.Container.exe,,0.0,0.06,4.59,running,0d 5h 20min,4.49
2026-05-23 23:50:28,13060,MySQLWorkbench.exe,JORTIEKE\ricar,0.0,0.13,10.27,running,0d 1h 52min,0.02
2026-05-23 23:50:28,13096,RuntimeBroker.exe,JORTIEKE\ricar,0.0,0.02,1.41,running,0d 3h 44min,0.01
2026-05-23 23:50:28,13176,RuntimeBroker.exe,JORTIEKE\ricar,0.0,0.04,3.3,running,0d 3h 44min,0.02
2026-05-23 23:50:29,13244,AcerSysMonitorService.exe,,0.0,0.01,1.08,running,1d 14h 31min,5.52
2026-05-23 23:50:29,13516,svchost.exe,JORTIEKE\ricar,0.0,0.04,2.8,running,0d 3h 44min,0.02
2026-05-23 23:50:29,13844,dllhost.exe,JORTIEKE\ricar,0.0,0.03,2.57,running,0d 0h 4min,0.02
2026-05-23 23:50:29,13856,explorer.exe,JORTIEKE\ricar,0.0,1.3,102.46,running,0d 3h 44min,0.01
2026-05-23 23:50:29,14136,R.exe,JORTIEKE\ricar,0.0,0.01,0.85,running,0d 0h 4min,0.01
2026-05-23 23:50:29,14256,python.exe,JORTIEKE\ricar,0.0,0.95,75.25,running,0d 0h 0min,0.02
2026-05-23 23:50:29,14296,msedgewebview2.exe,JORTIEKE\ricar,0.0,0.02,1.3,running,0d 3h 42min,0.04
2026-05-23 23:50:29,14548,powershell.exe,JORTIEKE\ricar,0.0,0.93,73.8,running,0d 0h 0min,0.01
2026-05-23 23:50:29,14948,svchost.exe,JORTIEKE\ricar,0.0,0.1,8.26,running,0d 3h 44min,0.02
2026-05-23 23:50:30,15128,chrome.exe,JORTIEKE\ricar,0.0,2.54,200.62,running,0d 3h 30min,0.07
2026-05-23 23:50:30,15132,OVRRedir.exe,,0.0,0.01,1.13,running,0d 3h 44min,5.2
2026-05-23 23:50:30,15224,node.exe,JORTIEKE\ricar,0.0,0.29,22.65,running,0d 0h 57min,0.02
2026-05-23 23:50:30,15380,Code.exe,JORTIEKE\ricar,0.0,1.1,87.16,running,0d 0h 4min,0.02
2026-05-23 23:50:30,15396,chrome.exe,JORTIEKE\ricar,0.0,1.92,151.73,running,0d 3h 44min,0.02
2026-05-23 23:50:30,15412,chrome.exe,JORTIEKE\ricar,0.0,0.04,3.15,running,0d 3h 44min,0.02
2026-05-23 23:50:30,15824,cmd.exe,JORTIEKE\ricar,0.0,0.0,0.04,running,0d 0h 57min,0.04
2026-05-23 23:50:30,15988,AppActions.exe,JORTIEKE\ricar,0.0,0.07,5.76,running,0d 3h 34min,0.02
2026-05-23 23:50:30,16024,unsecapp.exe,,0.0,0.03,2.23,running,0d 3h 44min,7.95
2026-05-23 23:50:31,16108,SearchIndexer.exe,,0.0,0.09,7.16,running,1d 14h 31min,5.8
2026-05-23 23:50:31,16208,AdobeCollabSync.exe,JORTIEKE\ricar,0.0,0.01,1.16,running,0d 2h 49min,0.05
2026-05-23 23:50:31,16400,chrome.exe,JORTIEKE\ricar,0.0,3.76,296.89,running,0d 3h 21min,0.01
2026-05-23 23:50:31,16512,AdobeCollabSync.exe,JORTIEKE\ricar,0.0,0.13,10.06,running,0d 2h 49min,0.02
2026-05-23 23:50:31,16588,unsecapp.exe,,0.0,0.02,1.86,running,1d 14h 31min,4.32
2026-05-23 23:50:31,16984,Code.exe,JORTIEKE\ricar,0.0,0.15,11.99,running,0d 3h 42min,0.02
2026-05-23 23:50:31,17036,sihost.exe,JORTIEKE\ricar,0.0,0.09,6.8,running,0d 3h 44min,0.01
2026-05-23 23:50:31,17076,OpenConsole.exe,JORTIEKE\ricar,0.0,0.13,10.48,running,0d 0h 0min,0.02
2026-05-23 23:50:32,17288,svchost.exe,,0.0,0.03,2.61,running,1d 14h 31min,5.67
2026-05-23 23:50:32,17364,AcerHardwareService.exe,,0.0,0.03,2.55,running,0d 3h 44min,6.63
2026-05-23 23:50:32,17448,ADESv2BW.exe,,0.0,0.01,0.62,running,0d 3h 44min,5.23
2026-05-23 23:50:32,17628,svchost.exe,,0.0,0.01,0.82,running,0d 3h 44min,5.48
2026-05-23 23:50:32,17748,SecurityHealthService.exe,,0.0,0.03,2.28,running,1d 14h 31min,7.6
2026-05-23 23:50:32,17760,svchost.exe,JORTIEKE\ricar,0.0,0.07,5.71,running,0d 3h 44min,0.01
2026-05-23 23:50:32,18028,msedgewebview2.exe,JORTIEKE\ricar,0.0,0.02,1.24,running,0d 3h 42min,0.01
2026-05-23 23:50:32,18492,svchost.exe,,0.0,0.03,2.3,running,1d 14h 29min,6.45
2026-05-23 23:50:33,18560,pet.exe,JORTIEKE\ricar,0.0,0.01,0.47,running,0d 0h 4min,0.02
2026-05-23 23:50:33,19020,dllhost.exe,JORTIEKE\ricar,0.0,0.02,1.39,running,0d 0h 4min,0.01
2026-05-23 23:50:33,19196,SearchHost.exe,JORTIEKE\ricar,0.0,0.07,5.31,running,0d 3h 44min,0.02
2026-05-23 23:50:33,19208,svchost.exe,,0.0,0.01,0.44,running,1d 14h 31min,5.27
2026-05-23 23:50:33,19600,smartscreen.exe,JORTIEKE\ricar,0.0,0.02,1.97,running,0d 0h 5min,0.01
2026-05-23 23:50:33,19604,svchost.exe,,0.0,0.04,3.25,running,1d 14h 31min,8.08
2026-05-23 23:50:33,19672,svchost.exe,,0.0,0.01,0.56,running,1d 14h 27min,8.64
2026-05-23 23:50:33,19832,chrome.exe,JORTIEKE\ricar,0.0,0.0,0.3,running,0d 3h 44min,0.01
2026-05-23 23:50:34,20136,svchost.exe,,0.0,0.21,16.21,running,1d 14h 29min,6.46
2026-05-23 23:50:34,20332,svchost.exe,,0.0,0.01,0.83,running,1d 13h 33min,6.65
2026-05-23 23:50:34,20660,NVIDIA Overlay.exe,JORTIEKE\ricar,0.0,0.17,13.63,running,0d 3h 44min,0.01
2026-05-23 23:50:34,20752,svchost.exe,,0.0,0.01,0.65,running,0d 3h 44min,6.1
2026-05-23 23:50:34,20864,Code.exe,JORTIEKE\ricar,0.0,0.41,32.26,running,0d 3h 42min,0.01
2026-05-23 23:50:34,21060,cmd.exe,JORTIEKE\ricar,0.0,0.0,0.23,running,0d 0h 4min,0.01
2026-05-23 23:50:34,21064,NVIDIA Overlay.exe,JORTIEKE\ricar,0.0,0.03,2.34,running,0d 3h 44min,0.01
2026-05-23 23:50:34,21124,AcerSysHardwareService.exe,,0.0,0.01,1.02,running,0d 3h 44min,4.87
2026-05-23 23:50:35,21228,SurSvc.exe,,0.0,0.08,6.65,running,1d 14h 18min,5.36
2026-05-23 23:50:35,21332,TextInputHost.exe,JORTIEKE\ricar,0.0,0.13,10.38,running,0d 3h 44min,0.02
2026-05-23 23:50:35,21336,chrome.exe,JORTIEKE\ricar,0.0,1.61,127.05,running,0d 3h 44min,0.01
2026-05-23 23:50:35,21340,svchost.exe,,0.0,0.03,2.3,running,1d 14h 22min,4.58
2026-05-23 23:50:35,21628,svchost.exe,,0.0,0.0,0.32,running,1d 14h 22min,4.23
2026-05-23 23:50:35,21720,msedgewebview2.exe,JORTIEKE\ricar,0.0,0.04,3.33,running,0d 3h 44min,0.01
2026-05-23 23:50:35,21804,NisSrv.exe,,0.0,0.04,3.05,running,1d 14h 16min,6.63
2026-05-23 23:50:35,22156,Code.exe,JORTIEKE\ricar,0.0,0.02,1.74,running,0d 1h 29min,0.02
2026-05-23 23:50:36,22600,MQRDCrashpadHandler.exe,JORTIEKE\ricar,0.0,0.0,0.34,running,0d 3h 44min,0.02
2026-05-23 23:50:36,22616,csrss.exe,,0.0,0.03,2.14,running,0d 5h 20min,5.46
2026-05-23 23:50:36,22644,msedgewebview2.exe,JORTIEKE\ricar,0.0,0.01,0.7,running,0d 3h 44min,0.06
2026-05-23 23:50:36,22816,MsMpEng.exe,,0.0,1.91,150.52,running,1d 14h 17min,6.6
2026-05-23 23:50:36,22884,conhost.exe,JORTIEKE\ricar,0.0,0.0,0.32,running,0d 0h 4min,0.02
2026-05-23 23:50:36,23000,NVIDIA Overlay.exe,JORTIEKE\ricar,0.0,0.12,9.29,running,0d 3h 44min,0.02
2026-05-23 23:50:36,23564,AcerGAICameraW.exe,JORTIEKE\ricar,0.0,0.02,1.78,running,0d 3h 44min,0.02
2026-05-23 23:50:36,23700,conhost.exe,JORTIEKE\ricar,0.0,0.01,0.74,running,0d 3h 44min,0.02
2026-05-23 23:50:37,23724,AcerPurifiedVoiceApp.exe,JORTIEKE\ricar,0.0,0.0,0.01,stopped,0d 0h 23min,0.04
2026-05-23 23:50:37,24260,nvcontainer.exe,,0.0,0.03,2.23,running,0d 5h 20min,6.09
2026-05-23 23:50:37,24272,ApplicationFrameHost.exe,JORTIEKE\ricar,0.0,0.0,0.3,running,0d 0h 23min,0.01
2026-05-23 23:50:37,24344,svchost.exe,,0.0,0.01,1.18,running,1d 13h 31min,4.62
2026-05-23 23:50:37,24428,conhost.exe,JORTIEKE\ricar,0.0,0.0,0.32,running,0d 0h 4min,0.02
2026-05-23 23:50:37,24580,ShellExperienceHost.exe,JORTIEKE\ricar,0.0,0.0,0.01,stopped,0d 3h 44min,0.11
2026-05-23 23:50:37,24636,pet.exe,JORTIEKE\ricar,0.0,0.02,1.33,running,0d 0h 4min,0.02
2026-05-23 23:50:37,25288,AQAUserPS.exe,JORTIEKE\ricar,0.0,0.03,2.11,running,0d 3h 44min,0.02
2026-05-23 23:50:37,25360,chrome.exe,JORTIEKE\ricar,0.0,2.05,161.96,running,0d 3h 44min,0.02
2026-05-23 23:50:38,25988,chrome.exe,JORTIEKE\ricar,0.0,0.49,38.62,running,0d 3h 44min,0.02
2026-05-23 23:50:38,26400,Code.exe,JORTIEKE\ricar,0.0,1.19,94.14,running,0d 3h 42min,0.01
2026-05-23 23:50:38,26600,msedgewebview2.exe,JORTIEKE\ricar,0.0,0.03,2.19,running,0d 3h 44min,0.02
2026-05-23 23:50:38,26664,OpenConsole.exe,JORTIEKE\ricar,0.0,0.01,0.64,running,0d 3h 42min,0.02
2026-05-23 23:50:38,26812,R.exe,JORTIEKE\ricar,0.0,0.01,0.46,running,0d 0h 4min,0.02
2026-05-23 23:50:38,26976,node.exe,JORTIEKE\ricar,0.0,0.0,0.04,running,0d 0h 57min,0.02
2026-05-23 23:50:38,27060,msedgewebview2.exe,JORTIEKE\ricar,0.0,0.19,14.72,running,0d 3h 44min,0.01
2026-05-23 23:50:38,27328,chrome.exe,JORTIEKE\ricar,0.0,0.02,1.71,running,0d 0h 2min,0.02
2026-05-23 23:50:38,27364,conhost.exe,JORTIEKE\ricar,0.0,0.0,0.39,running,0d 0h 4min,0.02
2026-05-23 23:50:39,27568,nvcontainer.exe,JORTIEKE\ricar,0.0,0.04,2.82,running,0d 3h 44min,0.02
2026-05-23 23:50:39,27696,RuntimeBroker.exe,JORTIEKE\ricar,0.0,0.02,1.5,running,0d 3h 44min,0.01
2026-05-23 23:50:39,27760,msedgewebview2.exe,JORTIEKE\ricar,0.0,0.04,3.39,running,0d 3h 42min,0.01
2026-05-23 23:50:39,27876,chrome.exe,JORTIEKE\ricar,0.0,0.27,21.04,running,0d 0h 1min,0.01
2026-05-23 23:50:39,27952,ACCUserPS.exe,JORTIEKE\ricar,0.0,0.01,0.52,running,0d 3h 44min,0.01
2026-05-23 23:50:39,27956,StartMenuExperienceHost.exe,JORTIEKE\ricar,0.0,0.07,5.51,running,0d 3h 44min,0.01
2026-05-23 23:50:39,28116,nvsphelper64.exe,JORTIEKE\ricar,0.0,0.01,1.01,running,0d 3h 44min,0.02
2026-05-23 23:50:39,28348,conhost.exe,,0.0,0.01,0.83,running,0d 3h 44min,6.76
2026-05-23 23:50:39,28476,Code.exe,JORTIEKE\ricar,0.0,0.02,1.76,running,0d 3h 36min,0.02
2026-05-23 23:50:40,28484,chrome.exe,JORTIEKE\ricar,0.0,0.04,3.02,running,0d 3h 44min,0.01
2026-05-23 23:50:40,28504,cowork-svc.exe,,0.0,0.02,1.38,running,0d 3h 44min,6.6
2026-05-23 23:50:40,28696,CrossDeviceService.exe,JORTIEKE\ricar,0.0,0.02,1.89,running,0d 3h 44min,0.02
2026-05-23 23:50:40,28944,svchost.exe,JORTIEKE\ricar,0.0,0.01,0.57,running,0d 3h 37min,0.02
2026-05-23 23:50:40,28956,Code.exe,JORTIEKE\ricar,0.0,0.11,9.05,running,0d 3h 42min,0.02
2026-05-23 23:50:40,28984,NVIDIA Overlay.exe,JORTIEKE\ricar,0.0,0.07,5.48,running,0d 3h 44min,0.02
2026-05-23 23:50:40,29096,svchost.exe,JORTIEKE\ricar,0.0,0.03,2.27,running,0d 3h 44min,0.02
2026-05-23 23:50:40,29236,bash.exe,JORTIEKE\ricar,0.0,0.0,0.38,running,0d 3h 42min,0.05
2026-05-23 23:50:41,29244,cmd.exe,JORTIEKE\ricar,0.0,0.0,0.23,running,0d 0h 4min,0.08
2026-05-23 23:50:41,29344,RuntimeBroker.exe,JORTIEKE\ricar,0.0,0.02,1.2,running,0d 0h 23min,0.01
2026-05-23 23:50:41,29868,cmd.exe,JORTIEKE\ricar,0.0,0.0,0.02,running,0d 0h 57min,0.03
2026-05-23 23:50:41,29928,msedgewebview2.exe,JORTIEKE\ricar,0.0,0.01,0.96,running,0d 3h 42min,0.01
2026-05-23 23:50:41,29976,Code.exe,JORTIEKE\ricar,0.0,0.01,0.63,running,0d 3h 36min,0.02
2026-05-23 23:50:41,30012,chrome.exe,JORTIEKE\ricar,0.0,0.33,26.25,running,0d 0h 1min,0.01
2026-05-23 23:50:41,30476,chrome.exe,JORTIEKE\ricar,0.0,0.39,30.47,running,0d 3h 44min,0.02
2026-05-23 23:50:41,31164,Code.exe,JORTIEKE\ricar,0.0,0.03,2.06,running,0d 3h 42min,0.02
2026-05-23 23:50:41,31856,WidgetService.exe,JORTIEKE\ricar,0.0,0.01,0.94,running,0d 3h 44min,0.02
2026-05-23 23:50:41,31876,powershell.exe,JORTIEKE\ricar,0.0,0.04,3.39,running,0d 0h 4min,0.02
2026-05-23 23:50:42,31924,svchost.exe,JORTIEKE\ricar,0.0,0.01,0.56,running,0d 3h 44min,0.02
2026-05-23 23:50:42,31992,R.exe,JORTIEKE\ricar,0.0,0.01,0.45,running,0d 0h 4min,0.01
2026-05-23 23:50:42,32076,OpenConsole.exe,JORTIEKE\ricar,0.0,0.01,0.84,running,0d 3h 42min,0.02
2026-05-23 23:50:42,32084,ipf_helper.exe,JORTIEKE\ricar,0.0,0.04,3.1,running,0d 3h 44min,0.02
2026-05-23 23:50:42,32180,svchost.exe,JORTIEKE\ricar,0.0,0.01,0.52,running,0d 3h 42min,0.02
2026-05-23 23:50:42,32280,chrome.exe,JORTIEKE\ricar,0.0,0.08,6.48,running,0d 3h 38min,0.02
2026-05-23 23:50:42,32292,chrome.exe,JORTIEKE\ricar,0.0,0.02,1.69,running,0d 0h 28min,0.02
2026-05-23 23:50:42,32296,Code.exe,JORTIEKE\ricar,0.0,0.51,40.41,running,0d 3h 42min,0.01
2026-05-23 23:50:42,32456,Code.exe,JORTIEKE\ricar,0.0,0.54,42.37,running,0d 3h 42min,0.02
2026-05-23 23:50:43,32516,msedgewebview2.exe,JORTIEKE\ricar,0.0,0.05,4.29,running,0d 3h 44min,0.02
2026-05-23 23:50:43,32548,WmiApSrv.exe,,0.0,0.02,1.83,running,0d 8h 6min,5.5
2026-05-23 23:50:43,33152,powershell.exe,JORTIEKE\ricar,0.0,0.01,1.03,running,0d 3h 42min,0.01
2026-05-23 23:50:43,33320,conhost.exe,JORTIEKE\ricar,0.0,0.0,0.33,running,0d 0h 4min,0.02
2026-05-23 23:50:43,33360,chrome.exe,JORTIEKE\ricar,0.0,0.82,64.65,running,0d 0h 58min,0.04
2026-05-23 23:50:43,33412,OVRServer_x64.exe,JORTIEKE\ricar,0.0,0.27,21.31,running,0d 3h 44min,0.02
2026-05-23 23:50:43,33500,fontdrvhost.exe,,0.0,0.0,0.08,running,0d 5h 20min,4.57
2026-05-23 23:50:43,33648,dwm.exe,,0.0,0.33,25.91,running,0d 5h 20min,6.11
2026-05-23 23:50:44,33764,svchost.exe,,0.0,0.04,3.37,running,0d 1h 18min,5.0
2026-05-23 23:50:44,34232,Code.exe,JORTIEKE\ricar,0.0,0.07,5.57,running,0d 0h 4min,0.02
2026-05-23 23:50:44,34388,LibreHardwareMonitor.exe,JORTIEKE\ricar,0.0,0.33,26.3,running,0d 0h 4min,0.01
2026-05-24 00:03:13,Jortieke,0,System Idle Process,NT AUTHORITY\SYSTEM,1260.6,0.0,0.01,running,20597d 3h 3min,6.47
2026-05-24 00:03:13,Jortieke,4,System,NT AUTHORITY\SYSTEM,43.1,0.0,0.01,running,20597d 3h 3min,8.1
2026-05-24 00:03:13,Jortieke,236,,,0.0,0.53,41.99,stopped,1d 14h 44min,6.83
2026-05-24 00:03:14,Jortieke,280,Registry,,0.0,0.19,15.39,running,1d 14h 44min,7.65
2026-05-24 00:03:14,Jortieke,460,chrome.exe,JORTIEKE\ricar,0.0,0.11,8.49,running,0d 3h 56min,0.02
2026-05-24 00:03:14,Jortieke,752,cmd.exe,JORTIEKE\ricar,0.0,0.01,0.7,running,0d 0h 17min,0.02
2026-05-24 00:03:14,Jortieke,828,smss.exe,,0.0,0.0,0.0,running,1d 14h 44min,5.16
2026-05-24 00:03:14,Jortieke,1180,csrss.exe,,0.0,0.02,1.74,running,1d 14h 44min,5.76
2026-05-24 00:03:14,Jortieke,1288,wininit.exe,,0.0,0.02,1.39,running,1d 14h 44min,5.3
2026-05-24 00:03:14,Jortieke,1364,services.exe,,0.0,0.07,5.83,running,1d 14h 44min,6.46
2026-05-24 00:03:14,Jortieke,1384,LsaIso.exe,,0.0,0.01,0.68,running,1d 14h 44min,7.3
2026-05-24 00:03:15,Jortieke,1392,lsass.exe,,0.0,0.12,9.19,running,1d 14h 44min,5.55
2026-05-24 00:03:15,Jortieke,1404,Code.exe,JORTIEKE\ricar,15.5,3.11,245.93,running,0d 0h 17min,0.02
2026-05-24 00:03:15,Jortieke,1444,chrome.exe,JORTIEKE\ricar,0.0,0.06,4.66,running,0d 3h 56min,0.02
2026-05-24 00:03:15,Jortieke,1456,svchost.exe,,0.0,0.02,1.77,running,1d 14h 44min,5.49
2026-05-24 00:03:15,Jortieke,1524,svchost.exe,,0.0,0.19,14.96,running,1d 14h 44min,4.86
2026-05-24 00:03:15,Jortieke,1552,svchost.exe,,0.0,0.07,5.37,running,1d 14h 44min,6.1
2026-05-24 00:03:15,Jortieke,1556,fontdrvhost.exe,,0.0,0.01,0.6,running,1d 14h 44min,5.08
2026-05-24 00:03:16,Jortieke,1608,WUDFHost.exe,,0.0,0.02,1.47,running,1d 14h 44min,5.51
2026-05-24 00:03:16,Jortieke,1624,RtkAudUService64.exe,JORTIEKE\ricar,0.0,0.04,2.8,running,0d 3h 56min,0.06
2026-05-24 00:03:16,Jortieke,1652,svchost.exe,,0.0,0.06,4.34,running,1d 14h 44min,6.67
2026-05-24 00:03:16,Jortieke,1664,svchost.exe,,0.0,0.12,9.62,running,1d 14h 44min,7.61
2026-05-24 00:03:16,Jortieke,1708,svchost.exe,,0.0,0.03,2.19,running,1d 14h 44min,5.97
2026-05-24 00:03:16,Jortieke,1788,WUDFHost.exe,,0.0,0.07,5.14,running,1d 14h 44min,6.55
2026-05-24 00:03:16,Jortieke,1800,RemoteDesktopCompanion.exe,JORTIEKE\ricar,0.0,0.14,10.67,running,0d 3h 57min,0.02
2026-05-24 00:03:16,Jortieke,1876,chrome.exe,JORTIEKE\ricar,62.1,4.88,385.68,running,0d 0h 41min,0.02
2026-05-24 00:03:17,Jortieke,1920,WUDFHost.exe,,0.0,0.03,1.98,running,1d 14h 44min,6.27
2026-05-24 00:03:17,Jortieke,2004,chrome.exe,JORTIEKE\ricar,0.0,1.04,81.82,running,0d 0h 51min,0.02
2026-05-24 00:03:17,Jortieke,2040,svchost.exe,,0.0,0.01,0.83,running,1d 14h 44min,6.1
2026-05-24 00:03:17,Jortieke,2236,svchost.exe,,0.0,0.02,1.7,running,1d 14h 44min,6.34
2026-05-24 00:03:17,Jortieke,2244,svchost.exe,,0.0,0.02,1.51,running,1d 14h 44min,4.93
2026-05-24 00:03:17,Jortieke,2296,svchost.exe,JORTIEKE\ricar,0.0,0.02,1.39,running,0d 3h 57min,0.01
2026-05-24 00:03:17,Jortieke,2400,IntelCpHDCPSvc.exe,,0.0,0.01,1.04,running,1d 14h 44min,5.18
2026-05-24 00:03:18,Jortieke,2416,svchost.exe,,0.0,0.02,1.55,running,1d 14h 44min,6.62
2026-05-24 00:03:18,Jortieke,2480,WUDFHost.exe,,0.0,0.02,1.75,running,1d 14h 44min,6.88
2026-05-24 00:03:18,Jortieke,2532,svchost.exe,,0.0,0.02,1.66,running,1d 14h 44min,6.31
2026-05-24 00:03:18,Jortieke,2560,svchost.exe,,0.0,0.09,7.02,running,1d 14h 44min,6.88
2026-05-24 00:03:18,Jortieke,2596,svchost.exe,,0.0,0.04,2.88,running,1d 14h 44min,8.38
2026-05-24 00:03:18,Jortieke,2728,svchost.exe,,0.0,0.06,5.07,running,1d 14h 44min,4.7
2026-05-24 00:03:18,Jortieke,2776,svchost.exe,,0.0,0.04,3.37,running,1d 14h 44min,5.28
2026-05-24 00:03:19,Jortieke,2836,svchost.exe,,0.0,0.01,1.16,running,1d 14h 44min,5.02
2026-05-24 00:03:19,Jortieke,2872,svchost.exe,,0.0,0.02,1.95,running,1d 14h 40min,6.01
2026-05-24 00:03:19,Jortieke,2944,Code.exe,JORTIEKE\ricar,0.0,0.02,1.41,running,0d 3h 49min,0.02
2026-05-24 00:03:19,Jortieke,3124,svchost.exe,,0.0,0.07,5.45,running,1d 14h 44min,7.22
2026-05-24 00:03:19,Jortieke,3156,svchost.exe,,0.0,0.02,1.66,running,1d 14h 44min,7.26
2026-05-24 00:03:19,Jortieke,3164,svchost.exe,,0.0,0.02,1.58,running,1d 14h 44min,7.2
2026-05-24 00:03:19,Jortieke,3196,Code.exe,JORTIEKE\ricar,0.0,0.02,1.55,running,0d 3h 55min,0.03
2026-05-24 00:03:20,Jortieke,3244,svchost.exe,,0.0,0.02,1.27,running,1d 14h 44min,6.78
2026-05-24 00:03:20,Jortieke,3292,OpenConsole.exe,JORTIEKE\ricar,0.0,0.02,1.5,running,0d 0h 17min,0.03
2026-05-24 00:03:20,Jortieke,3336,svchost.exe,,0.0,0.03,2.16,running,1d 14h 44min,6.41
2026-05-24 00:03:20,Jortieke,3416,NVDisplay.Container.exe,,0.0,0.2,16.02,running,1d 14h 44min,5.75
2026-05-24 00:03:20,Jortieke,3424,svchost.exe,,0.0,0.02,1.73,running,1d 14h 44min,5.38
2026-05-24 00:03:20,Jortieke,3432,WUDFHost.exe,,0.0,0.05,4.32,running,1d 14h 44min,4.78
2026-05-24 00:03:20,Jortieke,3576,svchost.exe,,0.0,0.08,6.35,running,1d 14h 44min,4.12
2026-05-24 00:03:21,Jortieke,3600,chrome.exe,JORTIEKE\ricar,0.0,1.14,90.21,running,0d 3h 41min,0.02
2026-05-24 00:03:21,Jortieke,3624,svchost.exe,,0.0,0.02,1.29,running,1d 14h 44min,5.44
2026-05-24 00:03:21,Jortieke,3632,svchost.exe,,0.0,0.04,3.05,running,1d 14h 44min,6.1
2026-05-24 00:03:21,Jortieke,3640,svchost.exe,,0.0,0.02,1.35,running,1d 14h 44min,6.83
2026-05-24 00:03:21,Jortieke,3744,MemCompression,,0.0,1.41,111.42,running,1d 14h 44min,8.41
2026-05-24 00:03:21,Jortieke,3768,svchost.exe,,0.0,0.01,0.74,running,1d 14h 44min,5.0
2026-05-24 00:03:21,Jortieke,3812,svchost.exe,,0.0,0.02,1.61,running,1d 14h 44min,6.72
2026-05-24 00:03:22,Jortieke,3820,svchost.exe,,0.0,0.02,1.47,running,1d 14h 44min,5.12
2026-05-24 00:03:22,Jortieke,3856,OVRServiceLauncher.exe,,0.0,0.01,1.18,running,1d 14h 44min,7.17
2026-05-24 00:03:22,Jortieke,3868,svchost.exe,,0.0,0.03,2.08,running,1d 14h 44min,6.71
2026-05-24 00:03:22,Jortieke,3880,chrome.exe,JORTIEKE\ricar,0.0,0.05,4.32,running,0d 3h 43min,0.02
2026-05-24 00:03:22,Jortieke,3916,Code.exe,JORTIEKE\ricar,0.0,0.21,16.78,running,0d 0h 17min,0.02
2026-05-24 00:03:22,Jortieke,3972,svchost.exe,,0.0,0.06,4.36,running,1d 14h 44min,6.85
2026-05-24 00:03:22,Jortieke,4016,svchost.exe,,0.0,0.02,1.8,running,1d 14h 44min,7.67
2026-05-24 00:03:23,Jortieke,4092,svchost.exe,,0.0,0.03,1.98,running,1d 14h 44min,6.86
2026-05-24 00:03:23,Jortieke,4104,svchost.exe,,0.0,0.1,8.23,running,1d 14h 44min,6.95
2026-05-24 00:03:23,Jortieke,4128,powershell.exe,JORTIEKE\ricar,0.0,0.03,2.26,running,0d 0h 17min,0.02
2026-05-24 00:03:23,Jortieke,4232,svchost.exe,,0.0,0.07,5.5,running,1d 14h 44min,8.49
2026-05-24 00:03:23,Jortieke,4288,svchost.exe,,0.0,0.02,1.88,running,1d 14h 44min,5.85
2026-05-24 00:03:23,Jortieke,4308,taskhostw.exe,JORTIEKE\ricar,0.0,0.06,4.6,running,0d 3h 57min,0.02
2026-05-24 00:03:23,Jortieke,4312,ctfmon.exe,JORTIEKE\ricar,0.0,0.14,11.16,running,0d 3h 57min,0.02
2026-05-24 00:03:23,Jortieke,4416,spoolsv.exe,,0.0,0.03,2.25,running,1d 14h 44min,5.5
2026-05-24 00:03:24,Jortieke,4444,svchost.exe,,0.0,0.15,11.57,running,1d 14h 44min,6.37
2026-05-24 00:03:24,Jortieke,4480,AcerQAAgent.exe,,0.0,0.03,2.41,running,1d 14h 44min,6.28
2026-05-24 00:03:24,Jortieke,4512,svchost.exe,,0.0,0.03,2.08,running,1d 14h 44min,5.03
2026-05-24 00:03:24,Jortieke,4552,ShellHost.exe,JORTIEKE\ricar,0.0,0.06,5.0,running,0d 3h 40min,0.01
2026-05-24 00:03:24,Jortieke,4572,svchost.exe,,0.0,0.02,1.19,running,1d 14h 44min,5.56
2026-05-24 00:03:24,Jortieke,4604,AcerCentralService.exe,,0.0,0.04,3.25,running,1d 14h 44min,4.92
2026-05-24 00:03:24,Jortieke,4740,svchost.exe,,0.0,0.02,1.65,running,1d 14h 42min,5.7
2026-05-24 00:03:25,Jortieke,4756,svchost.exe,,0.0,0.13,10.58,running,1d 14h 44min,5.55
2026-05-24 00:03:25,Jortieke,4788,svchost.exe,,0.0,0.2,15.51,running,1d 14h 44min,5.54
2026-05-24 00:03:25,Jortieke,4836,RtkUWP.exe,JORTIEKE\ricar,0.0,0.0,0.03,stopped,0d 0h 35min,0.05
2026-05-24 00:03:25,Jortieke,4856,svchost.exe,,0.0,0.02,1.86,running,1d 14h 44min,6.57
2026-05-24 00:03:25,Jortieke,4892,svchost.exe,,0.0,0.15,11.6,running,1d 14h 44min,6.46
2026-05-24 00:03:25,Jortieke,4900,svchost.exe,,0.0,0.02,1.83,running,1d 14h 44min,6.91
2026-05-24 00:03:25,Jortieke,4908,svchost.exe,,0.0,0.0,0.39,running,1d 14h 44min,6.76
2026-05-24 00:03:26,Jortieke,4944,HPSIsvc.exe,,0.0,0.02,1.62,running,1d 14h 44min,7.11
2026-05-24 00:03:26,Jortieke,5000,AcerCCAgent.exe,,0.0,0.03,2.33,running,1d 14h 44min,6.97
2026-05-24 00:03:26,Jortieke,5088,nvcontainer.exe,,0.0,0.02,1.89,running,1d 14h 44min,5.39
2026-05-24 00:03:26,Jortieke,5096,ipf_uf.exe,,0.0,0.02,1.49,running,1d 14h 44min,7.25
2026-05-24 00:03:26,Jortieke,5104,DtsApo4Service.exe,,0.0,0.02,1.46,running,1d 14h 44min,6.16
2026-05-24 00:03:26,Jortieke,5112,AcerDIAgent.exe,,0.0,0.03,2.08,running,1d 14h 44min,4.96
2026-05-24 00:03:26,Jortieke,5124,mtkbtsvc.exe,,0.0,0.02,1.48,running,1d 14h 44min,5.39
2026-05-24 00:03:27,Jortieke,5160,IntelGraphicsSoftware.Service.exe,,0.0,0.04,3.23,running,1d 14h 44min,14.69
2026-05-24 00:03:27,Jortieke,5180,AcerLightingService.exe,,0.0,0.02,1.72,running,1d 14h 44min,6.82
2026-05-24 00:03:27,Jortieke,5188,ADESv2Svc.exe,,0.0,0.01,1.1,running,1d 14h 44min,5.22
2026-05-24 00:03:27,Jortieke,5220,AcerGAICameraService.exe,,0.0,0.01,1.18,running,1d 14h 44min,4.86
2026-05-24 00:03:27,Jortieke,5228,IntelAudioService.exe,,0.0,0.03,2.53,running,1d 14h 44min,6.44
2026-05-24 00:03:27,Jortieke,5244,DSAUpdateService.exe,,0.0,0.06,4.42,running,1d 14h 44min,6.99
2026-05-24 00:03:27,Jortieke,5252,DSAService.exe,,0.0,0.17,13.17,running,1d 14h 44min,4.87
2026-05-24 00:03:28,Jortieke,5268,armsvc.exe,,0.0,0.04,3.0,running,1d 14h 44min,5.25
2026-05-24 00:03:28,Jortieke,5304,esrv.exe,JORTIEKE\ricar,0.0,0.14,10.95,running,0d 3h 57min,0.01
2026-05-24 00:03:28,Jortieke,5324,AcerServiceWrapper.exe,,0.0,0.02,1.77,running,1d 14h 44min,5.27
2026-05-24 00:03:28,Jortieke,5408,ARTAimmxService.exe,,0.0,0.01,1.05,running,1d 14h 44min,7.67
2026-05-24 00:03:28,Jortieke,5416,AcerPixyService.exe,,0.0,0.04,3.2,running,1d 14h 44min,4.89
2026-05-24 00:03:28,Jortieke,5464,AcerSystemCentralService.exe,,0.0,0.02,1.59,running,1d 14h 44min,7.35
2026-05-24 00:03:28,Jortieke,5472,WMIRegistrationService.exe,,0.0,0.02,1.7,running,1d 14h 44min,5.71
2026-05-24 00:03:29,Jortieke,5480,jhi_service.exe,,0.0,0.02,1.19,running,1d 14h 44min,5.07
2026-05-24 00:03:29,Jortieke,5488,AAADSvc.exe,,0.0,0.01,1.02,running,1d 14h 44min,4.74
2026-05-24 00:03:29,Jortieke,5500,RtkAudUService64.exe,,0.0,0.03,2.3,running,1d 14h 44min,5.73
2026-05-24 00:03:29,Jortieke,5508,AcerEZService.exe,,0.0,0.09,6.79,running,1d 14h 44min,7.39
2026-05-24 00:03:29,Jortieke,5544,ipfsvc.exe,,0.0,0.03,2.53,running,1d 14h 44min,8.01
2026-05-24 00:03:29,Jortieke,5560,mysqld.exe,,0.0,0.02,1.48,running,1d 14h 44min,4.84
2026-05-24 00:03:29,Jortieke,5568,OfficeClickToRun.exe,,0.0,0.07,5.5,running,1d 14h 44min,6.79
2026-05-24 00:03:30,Jortieke,5768,mysqld.exe,,0.0,0.17,13.67,running,1d 14h 44min,6.07
2026-05-24 00:03:30,Jortieke,5828,AcerAgentService.exe,,0.0,0.02,1.63,running,1d 14h 44min,6.44
2026-05-24 00:03:30,Jortieke,6184,chrome.exe,JORTIEKE\ricar,0.0,0.65,51.7,running,0d 0h 14min,0.01
2026-05-24 00:03:30,Jortieke,6260,svchost.exe,,0.0,0.03,2.43,running,1d 14h 44min,4.45
2026-05-24 00:03:30,Jortieke,6308,Rterm.exe,JORTIEKE\ricar,0.0,0.43,34.29,running,0d 0h 17min,0.02
2026-05-24 00:03:30,Jortieke,6428,msedgewebview2.exe,JORTIEKE\ricar,0.0,0.03,2.31,running,0d 3h 55min,0.02
2026-05-24 00:03:30,Jortieke,6628,Code.exe,JORTIEKE\ricar,0.0,0.04,2.96,running,0d 3h 48min,0.01
2026-05-24 00:03:31,Jortieke,6748,AcerService.exe,,0.0,0.04,3.01,running,1d 14h 44min,4.82
2026-05-24 00:03:31,Jortieke,6780,Code.exe,JORTIEKE\ricar,0.0,5.46,430.96,running,0d 0h 17min,0.02
2026-05-24 00:03:31,Jortieke,6820,jusched.exe,JORTIEKE\ricar,0.0,0.02,1.34,running,0d 3h 57min,0.01
2026-05-24 00:03:31,Jortieke,6896,conhost.exe,,0.0,0.01,0.75,running,1d 14h 44min,5.5
2026-05-24 00:03:31,Jortieke,6936,conhost.exe,,0.0,0.01,0.79,running,1d 14h 44min,7.13
2026-05-24 00:03:31,Jortieke,7504,Rterm.exe,JORTIEKE\ricar,0.0,0.57,44.76,running,0d 0h 17min,0.02
2026-05-24 00:03:31,Jortieke,7536,esrv_svc.exe,,0.0,0.44,34.59,running,0d 8h 26min,4.41
2026-05-24 00:03:31,Jortieke,7636,svchost.exe,,0.0,0.13,9.92,running,1d 14h 44min,4.89
2026-05-24 00:03:32,Jortieke,7660,dasHost.exe,,0.0,0.02,1.75,running,1d 14h 44min,4.14
2026-05-24 00:03:32,Jortieke,7696,TabTip.exe,JORTIEKE\ricar,0.0,0.08,6.5,running,0d 3h 57min,0.02
2026-05-24 00:03:32,Jortieke,7860,svchost.exe,JORTIEKE\ricar,0.0,0.06,5.04,running,0d 3h 57min,0.01
2026-05-24 00:03:32,Jortieke,8040,R.exe,JORTIEKE\ricar,0.0,0.01,1.16,running,0d 0h 17min,0.14
2026-05-24 00:03:32,Jortieke,8276,msedgewebview2.exe,JORTIEKE\ricar,0.0,0.07,5.75,running,0d 3h 57min,0.02
2026-05-24 00:03:32,Jortieke,8320,SnippingTool.exe,JORTIEKE\ricar,0.0,0.03,2.55,running,0d 1h 1min,0.01
2026-05-24 00:03:32,Jortieke,8376,chrome.exe,JORTIEKE\ricar,0.0,0.49,38.97,running,0d 0h 15min,0.02
2026-05-24 00:03:32,Jortieke,8596,RuntimeBroker.exe,JORTIEKE\ricar,0.0,0.02,1.73,running,0d 0h 36min,0.02
2026-05-24 00:03:32,Jortieke,8660,PresentMonService.exe,,0.0,0.02,1.61,running,1d 14h 44min,7.54
2026-05-24 00:03:33,Jortieke,8672,conhost.exe,,0.0,0.01,1.01,running,1d 14h 44min,7.86
2026-05-24 00:03:33,Jortieke,8692,svchost.exe,,0.0,0.04,2.86,running,1d 14h 44min,6.69
2026-05-24 00:03:33,Jortieke,8732,chrome.exe,JORTIEKE\ricar,0.0,0.16,12.7,running,0d 0h 14min,0.02
2026-05-24 00:03:33,Jortieke,8828,winlogon.exe,,0.0,0.02,1.65,running,0d 5h 33min,6.99
2026-05-24 00:03:33,Jortieke,9068,svchost.exe,,0.0,0.02,1.27,running,1d 14h 42min,4.69
2026-05-24 00:03:33,Jortieke,9108,WmiPrvSE.exe,,0.0,0.08,6.04,running,1d 14h 44min,4.95
2026-05-24 00:03:33,Jortieke,9156,svchost.exe,,0.0,0.01,1.02,running,1d 14h 43min,6.56
2026-05-24 00:03:34,Jortieke,9256,cmd.exe,JORTIEKE\ricar,0.0,0.01,0.83,running,0d 0h 17min,0.01
2026-05-24 00:03:34,Jortieke,9580,MpDefenderCoreService.exe,,0.0,0.04,3.17,running,1d 14h 30min,6.39
2026-05-24 00:03:34,Jortieke,9832,audiodg.exe,,31.2,0.25,19.52,running,0d 1h 10min,0.02
2026-05-24 00:03:34,Jortieke,9968,nvcontainer.exe,JORTIEKE\ricar,0.0,0.23,18.51,running,0d 3h 57min,0.01
2026-05-24 00:03:34,Jortieke,10060,RtkAudUService64.exe,,0.0,0.03,2.35,running,0d 3h 57min,5.32
2026-05-24 00:03:34,Jortieke,10068,SecurityHealthSystray.exe,JORTIEKE\ricar,0.0,0.02,1.48,running,0d 3h 57min,0.01
2026-05-24 00:03:34,Jortieke,10204,svchost.exe,,0.0,0.02,1.36,running,1d 14h 44min,5.12
2026-05-24 00:03:34,Jortieke,10324,Code.exe,JORTIEKE\ricar,0.0,0.26,20.61,running,0d 3h 55min,0.01
2026-05-24 00:03:35,Jortieke,10588,svchost.exe,,0.0,0.03,2.26,running,1d 14h 44min,5.18
2026-05-24 00:03:35,Jortieke,10600,taskhostw.exe,JORTIEKE\ricar,0.0,0.03,2.61,running,0d 3h 57min,0.02
2026-05-24 00:03:35,Jortieke,10616,svchost.exe,,0.0,0.06,4.41,running,1d 14h 44min,5.49
2026-05-24 00:03:35,Jortieke,10636,NVIDIA Overlay.exe,JORTIEKE\ricar,0.0,0.21,16.31,running,0d 3h 57min,0.03
2026-05-24 00:03:35,Jortieke,10716,svchost.exe,,0.0,0.02,1.69,running,1d 14h 44min,6.78
2026-05-24 00:03:35,Jortieke,10724,svchost.exe,,0.0,0.02,1.96,running,1d 14h 44min,6.61
2026-05-24 00:03:35,Jortieke,10808,NgcIso.exe,,0.0,0.01,1.16,running,1d 14h 45min,7.34
2026-05-24 00:03:35,Jortieke,10968,Code.exe,JORTIEKE\ricar,0.0,0.24,18.79,running,0d 3h 55min,0.02
2026-05-24 00:03:36,Jortieke,11120,svchost.exe,,0.0,0.02,1.61,running,1d 14h 44min,6.82
2026-05-24 00:03:36,Jortieke,11152,svchost.exe,,0.0,0.02,1.2,running,1d 14h 45min,6.77
2026-05-24 00:03:36,Jortieke,11480,svchost.exe,,0.0,0.1,8.26,running,1d 14h 45min,6.35
2026-05-24 00:03:36,Jortieke,11500,wlanext.exe,,0.0,0.02,1.21,running,1d 14h 45min,5.19
2026-05-24 00:03:36,Jortieke,11508,svchost.exe,JORTIEKE\ricar,0.0,0.03,2.07,running,0d 3h 57min,0.01
2026-05-24 00:03:36,Jortieke,11860,msedgewebview2.exe,JORTIEKE\ricar,0.0,0.06,4.55,running,0d 3h 55min,0.02
2026-05-24 00:03:36,Jortieke,12020,CrossDeviceResume.exe,JORTIEKE\ricar,0.0,0.02,1.41,running,0d 3h 57min,0.02
2026-05-24 00:03:37,Jortieke,12092,AggregatorHost.exe,,0.0,0.04,3.48,running,1d 14h 45min,4.97
2026-05-24 00:03:37,Jortieke,12200,Widgets.exe,JORTIEKE\ricar,0.0,0.04,3.5,running,0d 3h 57min,0.02
2026-05-24 00:03:37,Jortieke,12236,dllhost.exe,JORTIEKE\ricar,0.0,0.03,2.02,running,0d 0h 17min,0.02
2026-05-24 00:03:37,Jortieke,12328,chrome.exe,JORTIEKE\ricar,0.0,6.98,550.99,running,0d 2h 53min,0.03
2026-05-24 00:03:37,Jortieke,12524,svchost.exe,,0.0,0.03,2.01,running,1d 14h 42min,6.48
2026-05-24 00:03:37,Jortieke,12584,OpenConsole.exe,JORTIEKE\ricar,0.0,0.02,1.53,running,0d 0h 17min,0.03
2026-05-24 00:03:37,Jortieke,12696,bash.exe,JORTIEKE\ricar,0.0,0.02,1.3,running,0d 3h 55min,0.02
2026-05-24 00:03:37,Jortieke,12752,NVDisplay.Container.exe,,0.0,0.07,5.32,running,0d 5h 33min,5.06
2026-05-24 00:03:37,Jortieke,13060,MySQLWorkbench.exe,JORTIEKE\ricar,0.0,0.14,11.06,running,0d 2h 6min,0.01
2026-05-24 00:03:38,Jortieke,13096,RuntimeBroker.exe,JORTIEKE\ricar,0.0,0.02,1.29,running,0d 3h 57min,0.01
2026-05-24 00:03:38,Jortieke,13176,RuntimeBroker.exe,JORTIEKE\ricar,0.0,0.08,6.52,running,0d 3h 57min,0.02
2026-05-24 00:03:38,Jortieke,13244,AcerSysMonitorService.exe,,0.0,0.02,1.53,running,1d 14h 45min,5.13
2026-05-24 00:03:38,Jortieke,13516,svchost.exe,JORTIEKE\ricar,0.0,0.04,2.95,running,0d 3h 57min,0.02
2026-05-24 00:03:38,Jortieke,13844,dllhost.exe,JORTIEKE\ricar,0.0,0.03,2.37,running,0d 0h 17min,0.02
2026-05-24 00:03:38,Jortieke,13856,explorer.exe,JORTIEKE\ricar,0.0,1.27,99.93,running,0d 3h 57min,0.01
2026-05-24 00:03:38,Jortieke,14136,R.exe,JORTIEKE\ricar,0.0,0.01,1.1,running,0d 0h 17min,0.03
2026-05-24 00:03:38,Jortieke,14296,msedgewebview2.exe,JORTIEKE\ricar,0.0,0.02,1.77,running,0d 3h 55min,0.03
2026-05-24 00:03:39,Jortieke,14548,powershell.exe,JORTIEKE\ricar,0.0,0.22,17.38,running,0d 0h 13min,0.02
2026-05-24 00:03:39,Jortieke,14948,svchost.exe,JORTIEKE\ricar,0.0,0.1,7.77,running,0d 3h 57min,0.03
2026-05-24 00:03:39,Jortieke,15128,chrome.exe,JORTIEKE\ricar,0.0,2.32,183.39,running,0d 3h 43min,0.02
2026-05-24 00:03:39,Jortieke,15132,OVRRedir.exe,,0.0,0.02,1.71,running,0d 3h 57min,6.26
2026-05-24 00:03:39,Jortieke,15224,node.exe,JORTIEKE\ricar,0.0,0.32,24.95,running,0d 1h 10min,0.01
2026-05-24 00:03:39,Jortieke,15380,Code.exe,JORTIEKE\ricar,0.0,1.08,85.27,running,0d 0h 17min,0.02
2026-05-24 00:03:39,Jortieke,15396,chrome.exe,JORTIEKE\ricar,0.0,1.81,142.94,running,0d 3h 57min,0.02
2026-05-24 00:03:39,Jortieke,15412,chrome.exe,JORTIEKE\ricar,0.0,0.04,3.34,running,0d 3h 57min,0.01
2026-05-24 00:03:39,Jortieke,15824,cmd.exe,JORTIEKE\ricar,0.0,0.01,0.74,running,0d 1h 10min,0.01
2026-05-24 00:03:40,Jortieke,15988,AppActions.exe,JORTIEKE\ricar,0.0,0.06,4.95,running,0d 3h 47min,0.01
2026-05-24 00:03:40,Jortieke,16024,unsecapp.exe,,0.0,0.04,2.9,running,0d 3h 57min,6.98
2026-05-24 00:03:40,Jortieke,16108,SearchIndexer.exe,,0.0,0.11,8.61,running,1d 14h 44min,6.56
2026-05-24 00:03:40,Jortieke,16208,AdobeCollabSync.exe,JORTIEKE\ricar,0.0,0.02,1.23,running,0d 3h 3min,0.03
2026-05-24 00:03:40,Jortieke,16400,chrome.exe,JORTIEKE\ricar,0.0,3.94,310.94,running,0d 3h 34min,0.02
2026-05-24 00:03:40,Jortieke,16512,AdobeCollabSync.exe,JORTIEKE\ricar,0.0,0.12,9.39,running,0d 3h 3min,0.01
2026-05-24 00:03:40,Jortieke,16568,chrome.exe,JORTIEKE\ricar,0.0,0.87,68.42,running,0d 0h 1min,0.02
2026-05-24 00:03:40,Jortieke,16588,unsecapp.exe,,0.0,0.04,2.97,running,1d 14h 44min,5.19
2026-05-24 00:03:41,Jortieke,16984,Code.exe,JORTIEKE\ricar,0.0,0.12,9.39,running,0d 3h 55min,0.01
2026-05-24 00:03:41,Jortieke,17036,sihost.exe,JORTIEKE\ricar,0.0,0.1,8.09,running,0d 3h 57min,0.01
2026-05-24 00:03:41,Jortieke,17076,OpenConsole.exe,JORTIEKE\ricar,0.0,0.03,2.0,running,0d 0h 13min,0.02
2026-05-24 00:03:41,Jortieke,17288,svchost.exe,,0.0,0.04,3.3,running,1d 14h 44min,5.19
2026-05-24 00:03:41,Jortieke,17364,AcerHardwareService.exe,,0.0,0.04,3.01,running,0d 3h 57min,4.53
2026-05-24 00:03:41,Jortieke,17448,ADESv2BW.exe,,0.0,0.01,0.98,running,0d 3h 57min,6.07
2026-05-24 00:03:41,Jortieke,17628,svchost.exe,,0.0,0.01,0.55,running,0d 3h 57min,5.52
2026-05-24 00:03:41,Jortieke,17748,SecurityHealthService.exe,,0.0,0.02,1.29,running,1d 14h 44min,5.25
2026-05-24 00:03:42,Jortieke,17760,svchost.exe,JORTIEKE\ricar,0.0,0.05,4.24,running,0d 3h 57min,0.02
2026-05-24 00:03:42,Jortieke,18028,msedgewebview2.exe,JORTIEKE\ricar,0.0,0.01,1.05,running,0d 3h 55min,0.04
2026-05-24 00:03:42,Jortieke,18492,svchost.exe,,0.0,0.02,1.84,running,1d 14h 42min,4.6
2026-05-24 00:03:42,Jortieke,18560,pet.exe,JORTIEKE\ricar,0.0,0.01,0.41,running,0d 0h 17min,0.01
2026-05-24 00:03:42,Jortieke,19020,dllhost.exe,JORTIEKE\ricar,0.0,0.01,0.95,running,0d 0h 17min,0.01
2026-05-24 00:03:42,Jortieke,19196,SearchHost.exe,JORTIEKE\ricar,0.0,0.08,6.27,running,0d 3h 57min,0.01
2026-05-24 00:03:42,Jortieke,19208,svchost.exe,,0.0,0.01,0.66,running,1d 14h 44min,6.62
2026-05-24 00:03:42,Jortieke,19604,svchost.exe,,0.0,0.04,3.32,running,1d 14h 44min,6.96
2026-05-24 00:03:43,Jortieke,19672,svchost.exe,,0.0,0.01,0.79,running,1d 14h 40min,7.51
2026-05-24 00:03:43,Jortieke,19832,chrome.exe,JORTIEKE\ricar,0.0,0.01,1.02,running,0d 3h 57min,0.01
2026-05-24 00:03:43,Jortieke,20136,svchost.exe,,0.0,0.22,17.75,running,1d 14h 42min,5.63
2026-05-24 00:03:43,Jortieke,20332,svchost.exe,,0.0,0.01,0.85,running,1d 13h 46min,6.53
2026-05-24 00:03:43,Jortieke,20660,NVIDIA Overlay.exe,JORTIEKE\ricar,0.0,0.3,23.7,running,0d 3h 57min,0.02
2026-05-24 00:03:43,Jortieke,20752,svchost.exe,,0.0,0.01,0.86,running,0d 3h 57min,5.2
2026-05-24 00:03:43,Jortieke,20864,Code.exe,JORTIEKE\ricar,15.6,1.62,127.64,running,0d 3h 55min,0.01
2026-05-24 00:03:43,Jortieke,21060,cmd.exe,JORTIEKE\ricar,0.0,0.01,0.46,running,0d 0h 17min,0.07
2026-05-24 00:03:44,Jortieke,21064,NVIDIA Overlay.exe,JORTIEKE\ricar,0.0,0.04,3.51,running,0d 3h 57min,0.04
2026-05-24 00:03:44,Jortieke,21124,AcerSysHardwareService.exe,,0.0,0.02,1.47,running,0d 3h 57min,6.94
2026-05-24 00:03:44,Jortieke,21228,SurSvc.exe,,0.0,0.08,6.42,running,1d 14h 31min,5.44
2026-05-24 00:03:44,Jortieke,21332,TextInputHost.exe,JORTIEKE\ricar,0.0,0.23,17.88,running,0d 3h 57min,0.01
2026-05-24 00:03:44,Jortieke,21336,chrome.exe,JORTIEKE\ricar,0.0,1.83,144.22,running,0d 3h 57min,0.01
2026-05-24 00:03:44,Jortieke,21340,svchost.exe,,0.0,0.02,1.81,running,1d 14h 35min,5.1
2026-05-24 00:03:44,Jortieke,21628,svchost.exe,,0.0,0.01,0.85,running,1d 14h 35min,5.23
2026-05-24 00:03:44,Jortieke,21720,msedgewebview2.exe,JORTIEKE\ricar,0.0,0.06,4.54,running,0d 3h 57min,0.02
2026-05-24 00:03:45,Jortieke,21804,NisSrv.exe,,0.0,0.04,3.22,running,1d 14h 29min,6.48
2026-05-24 00:03:45,Jortieke,22156,Code.exe,JORTIEKE\ricar,0.0,0.03,2.1,running,0d 1h 42min,0.01
2026-05-24 00:03:45,Jortieke,22600,MQRDCrashpadHandler.exe,JORTIEKE\ricar,0.0,0.01,0.48,running,0d 3h 57min,0.02
2026-05-24 00:03:45,Jortieke,22616,csrss.exe,,0.0,0.02,1.46,running,0d 5h 33min,6.23
2026-05-24 00:03:45,Jortieke,22644,msedgewebview2.exe,JORTIEKE\ricar,0.0,0.01,1.09,running,0d 3h 57min,0.02
2026-05-24 00:03:45,Jortieke,22816,MsMpEng.exe,,0.0,1.44,113.84,running,1d 14h 30min,5.08
2026-05-24 00:03:45,Jortieke,22884,conhost.exe,JORTIEKE\ricar,0.0,0.01,0.67,running,0d 0h 17min,0.02
2026-05-24 00:03:45,Jortieke,23000,NVIDIA Overlay.exe,JORTIEKE\ricar,0.0,0.17,13.03,running,0d 3h 57min,0.02
2026-05-24 00:03:46,Jortieke,23440,chrome.exe,JORTIEKE\ricar,0.0,1.05,82.68,running,0d 0h 6min,0.02
2026-05-24 00:03:46,Jortieke,23564,AcerGAICameraW.exe,JORTIEKE\ricar,0.0,0.05,3.59,running,0d 3h 57min,0.01
2026-05-24 00:03:46,Jortieke,23700,conhost.exe,JORTIEKE\ricar,0.0,0.01,0.97,running,0d 3h 57min,0.01
2026-05-24 00:03:46,Jortieke,23724,AcerPurifiedVoiceApp.exe,JORTIEKE\ricar,0.0,0.0,0.01,stopped,0d 0h 36min,0.05
2026-05-24 00:03:46,Jortieke,24260,nvcontainer.exe,,0.0,0.03,2.37,running,0d 5h 33min,6.6
2026-05-24 00:03:46,Jortieke,24272,ApplicationFrameHost.exe,JORTIEKE\ricar,0.0,0.02,1.53,running,0d 0h 36min,0.02
2026-05-24 00:03:46,Jortieke,24344,svchost.exe,,0.0,0.02,1.27,running,1d 13h 44min,5.01
2026-05-24 00:03:46,Jortieke,24428,conhost.exe,JORTIEKE\ricar,0.0,0.01,0.58,running,0d 0h 17min,0.01
2026-05-24 00:03:46,Jortieke,24580,ShellExperienceHost.exe,JORTIEKE\ricar,0.0,0.0,0.02,stopped,0d 3h 57min,0.02
2026-05-24 00:03:47,Jortieke,24636,pet.exe,JORTIEKE\ricar,0.0,0.03,2.24,running,0d 0h 17min,0.02
2026-05-24 00:03:47,Jortieke,25288,AQAUserPS.exe,JORTIEKE\ricar,0.0,0.03,2.73,running,0d 3h 57min,0.02
2026-05-24 00:03:47,Jortieke,25988,chrome.exe,JORTIEKE\ricar,0.0,0.5,39.23,running,0d 3h 57min,0.01
2026-05-24 00:03:47,Jortieke,26400,Code.exe,JORTIEKE\ricar,0.0,0.94,74.57,running,0d 3h 55min,0.02
2026-05-24 00:03:47,Jortieke,26600,msedgewebview2.exe,JORTIEKE\ricar,0.0,0.04,2.81,running,0d 3h 57min,0.02
2026-05-24 00:03:47,Jortieke,26664,OpenConsole.exe,JORTIEKE\ricar,0.0,0.01,1.01,running,0d 3h 55min,0.02
2026-05-24 00:03:47,Jortieke,26812,R.exe,JORTIEKE\ricar,0.0,0.01,0.82,running,0d 0h 17min,0.02
2026-05-24 00:03:47,Jortieke,26816,WmiPrvSE.exe,,0.0,0.19,14.9,running,0d 0h 0min,7.41
2026-05-24 00:03:47,Jortieke,26976,node.exe,JORTIEKE\ricar,0.0,0.01,0.68,running,0d 1h 10min,0.01
2026-05-24 00:03:48,Jortieke,27060,msedgewebview2.exe,JORTIEKE\ricar,0.0,0.19,15.02,running,0d 3h 57min,0.02
2026-05-24 00:03:48,Jortieke,27364,conhost.exe,JORTIEKE\ricar,0.0,0.01,0.68,running,0d 0h 17min,0.01
2026-05-24 00:03:48,Jortieke,27568,nvcontainer.exe,JORTIEKE\ricar,0.0,0.05,4.25,running,0d 3h 57min,0.03
2026-05-24 00:03:48,Jortieke,27696,RuntimeBroker.exe,JORTIEKE\ricar,0.0,0.02,1.51,running,0d 3h 57min,0.02
2026-05-24 00:03:48,Jortieke,27760,msedgewebview2.exe,JORTIEKE\ricar,0.0,0.1,7.93,running,0d 3h 55min,0.02
2026-05-24 00:03:48,Jortieke,27876,chrome.exe,JORTIEKE\ricar,0.0,0.04,3.36,running,0d 0h 14min,0.01
2026-05-24 00:03:48,Jortieke,27952,ACCUserPS.exe,JORTIEKE\ricar,0.0,0.01,0.77,running,0d 3h 57min,0.04
2026-05-24 00:03:48,Jortieke,27956,StartMenuExperienceHost.exe,JORTIEKE\ricar,0.0,0.09,7.16,running,0d 3h 57min,0.02
2026-05-24 00:03:48,Jortieke,28116,nvsphelper64.exe,JORTIEKE\ricar,0.0,0.02,1.64,running,0d 3h 57min,0.02
2026-05-24 00:03:49,Jortieke,28348,conhost.exe,,0.0,0.01,1.16,running,0d 3h 57min,7.29
2026-05-24 00:03:49,Jortieke,28476,Code.exe,JORTIEKE\ricar,0.0,0.02,1.86,running,0d 3h 49min,0.03
2026-05-24 00:03:49,Jortieke,28484,chrome.exe,JORTIEKE\ricar,0.0,0.04,3.29,running,0d 3h 57min,0.02
2026-05-24 00:03:49,Jortieke,28504,cowork-svc.exe,,0.0,0.02,1.46,running,0d 3h 57min,7.1
2026-05-24 00:03:49,Jortieke,28696,CrossDeviceService.exe,JORTIEKE\ricar,0.0,0.13,10.2,running,0d 3h 57min,0.02
2026-05-24 00:03:49,Jortieke,28944,svchost.exe,JORTIEKE\ricar,0.0,0.01,1.02,running,0d 3h 51min,0.01
2026-05-24 00:03:49,Jortieke,28956,Code.exe,JORTIEKE\ricar,0.0,0.13,10.05,running,0d 3h 55min,0.02
2026-05-24 00:03:49,Jortieke,28984,NVIDIA Overlay.exe,JORTIEKE\ricar,0.0,0.11,8.69,running,0d 3h 57min,0.04
2026-05-24 00:03:50,Jortieke,29096,svchost.exe,JORTIEKE\ricar,0.0,0.02,1.8,running,0d 3h 57min,0.01
2026-05-24 00:03:50,Jortieke,29236,bash.exe,JORTIEKE\ricar,0.0,0.01,0.54,running,0d 3h 55min,0.01
2026-05-24 00:03:50,Jortieke,29244,cmd.exe,JORTIEKE\ricar,0.0,0.01,0.4,running,0d 0h 17min,0.02
2026-05-24 00:03:50,Jortieke,29344,RuntimeBroker.exe,JORTIEKE\ricar,0.0,0.01,1.02,running,0d 0h 36min,0.01
2026-05-24 00:03:50,Jortieke,29868,cmd.exe,JORTIEKE\ricar,0.0,0.01,0.42,running,0d 1h 10min,0.02
2026-05-24 00:03:50,Jortieke,29928,msedgewebview2.exe,JORTIEKE\ricar,0.0,0.02,1.3,running,0d 3h 55min,0.02
2026-05-24 00:03:50,Jortieke,29976,Code.exe,JORTIEKE\ricar,0.0,0.01,0.87,running,0d 3h 49min,0.01
2026-05-24 00:03:50,Jortieke,30476,chrome.exe,JORTIEKE\ricar,62.3,0.45,35.85,running,0d 3h 57min,0.01
2026-05-24 00:03:50,Jortieke,31164,Code.exe,JORTIEKE\ricar,0.0,0.03,2.33,running,0d 3h 55min,0.02
2026-05-24 00:03:51,Jortieke,31856,WidgetService.exe,JORTIEKE\ricar,0.0,0.02,1.32,running,0d 3h 57min,0.01
2026-05-24 00:03:51,Jortieke,31876,powershell.exe,JORTIEKE\ricar,0.0,0.05,3.69,running,0d 0h 17min,0.01
2026-05-24 00:03:51,Jortieke,31924,svchost.exe,JORTIEKE\ricar,0.0,0.01,1.18,running,0d 3h 57min,0.01
2026-05-24 00:03:51,Jortieke,31992,R.exe,JORTIEKE\ricar,0.0,0.01,0.8,running,0d 0h 17min,0.02
2026-05-24 00:03:51,Jortieke,32076,OpenConsole.exe,JORTIEKE\ricar,0.0,0.01,1.11,running,0d 3h 55min,0.02
2026-05-24 00:03:51,Jortieke,32084,ipf_helper.exe,JORTIEKE\ricar,0.0,0.05,3.75,running,0d 3h 57min,0.01
2026-05-24 00:03:51,Jortieke,32180,svchost.exe,JORTIEKE\ricar,0.0,0.01,1.18,running,0d 3h 55min,0.01
2026-05-24 00:03:51,Jortieke,32280,chrome.exe,JORTIEKE\ricar,0.0,0.09,7.45,running,0d 3h 51min,0.01
2026-05-24 00:03:51,Jortieke,32292,chrome.exe,JORTIEKE\ricar,0.0,0.04,2.95,running,0d 0h 41min,0.02
2026-05-24 00:03:51,Jortieke,32296,Code.exe,JORTIEKE\ricar,0.0,0.28,22.46,running,0d 3h 55min,0.02
2026-05-24 00:03:52,Jortieke,32456,Code.exe,JORTIEKE\ricar,0.0,0.56,43.82,running,0d 3h 55min,0.02
2026-05-24 00:03:52,Jortieke,32516,msedgewebview2.exe,JORTIEKE\ricar,0.0,0.06,5.12,running,0d 3h 57min,0.05
2026-05-24 00:03:52,Jortieke,32548,WmiApSrv.exe,,0.0,0.03,1.98,running,0d 8h 19min,7.3
2026-05-24 00:03:52,Jortieke,33152,powershell.exe,JORTIEKE\ricar,0.0,0.02,1.36,running,0d 3h 55min,0.02
2026-05-24 00:03:52,Jortieke,33300,python.exe,JORTIEKE\ricar,0.0,0.96,75.71,running,0d 0h 0min,0.01
2026-05-24 00:03:52,Jortieke,33320,conhost.exe,JORTIEKE\ricar,0.0,0.01,0.57,running,0d 0h 17min,0.09
2026-05-24 00:03:52,Jortieke,33360,chrome.exe,JORTIEKE\ricar,0.0,0.33,25.68,running,0d 1h 11min,0.02
2026-05-24 00:03:52,Jortieke,33412,OVRServer_x64.exe,JORTIEKE\ricar,0.0,0.29,22.52,running,0d 3h 57min,0.01
2026-05-24 00:03:53,Jortieke,33500,fontdrvhost.exe,,0.0,0.0,0.28,running,0d 5h 34min,4.24
2026-05-24 00:03:53,Jortieke,33648,dwm.exe,,0.0,0.34,27.18,running,0d 5h 34min,5.23
2026-05-24 00:03:53,Jortieke,33764,svchost.exe,,0.0,0.05,3.75,running,0d 1h 31min,4.98
2026-05-24 00:03:53,Jortieke,34232,Code.exe,JORTIEKE\ricar,0.0,0.08,6.11,running,0d 0h 17min,0.02
2026-05-24 00:03:53,Jortieke,34388,LibreHardwareMonitor.exe,JORTIEKE\ricar,31.1,0.35,27.87,running,0d 0h 17min,0.02
