timestamp,pid,nome,usuario,cpu_percent,ram_percent,ram_mb,latency_ms,status,uptime
2026-03-16 06:45:00,3456,proc_asm,srv_sagitario,9.7,11.0,1032,27,running,26d 19h
2026-03-16 06:45:00,1234,proc_correlation,srv_sagitario,5.3,18.8,1573,46,running,25d 19h
2026-03-16 06:45:00,9921,proc_db,db_admin,10.2,20.0,1623,30,running,11d 23h
2026-03-16 06:45:00,8854,radar_data_ingestion,srv_sagitario,9.8,14.1,1310,37,running,2d 7h
2026-03-16 06:45:00,4432,flight_plan_manager,srv_sagitario,3.1,7.3,810,57,running,16d 11h
2026-03-16 06:45:00,7685,traffic_control_gui,leticia,0.9,5.9,459,33,sleeping,14d 1h
2026-03-16 06:45:00,1102,ops_reporting_srv,srv_sagitario,2.8,3.7,119,23,running,29d 9h
2026-03-16 06:45:00,5567,network_sync_gateway,root,2.0,3.7,156,23,running,26d 11h
2026-03-16 06:45:00,2234,security_auth_srv,root,1.2,1.6,75,29,running,21d 1h
2026-03-16 06:45:00,3341,log_collector,srv_sagitario,1.1,3.0,199,8,running,30d 7h
2026-03-16 06:45:00,4456,alert_generator,srv_sagitario,1.9,2.6,347,22,running,10d 4h
2026-03-16 06:45:00,5578,historical_archiver,srv_sagitario,0.3,0.2,36,8,sleeping,16d 1h
2026-03-16 06:45:00,1123,backup_engine,root,0.1,0.5,35,8,sleeping,16d 16h
2026-03-16 06:45:00,2245,audit_service,root,0.3,0.2,15,4,sleeping,19d 5h
2026-03-16 06:45:00,8876,maintenance_shell,leticia,0.0,6.3,108,39,sleeping,14d 0h
2026-03-16 06:46:00,3456,proc_asm,srv_sagitario,10.0,10.3,987,52,running,30d 8h
2026-03-16 06:46:00,1234,proc_correlation,srv_sagitario,9.6,18.2,1615,57,running,28d 15h
2026-03-16 06:46:00,9921,proc_db,db_admin,9.0,14.9,1257,24,running,12d 16h
2026-03-16 06:46:00,8854,radar_data_ingestion,srv_sagitario,6.0,16.8,1374,25,running,24d 15h
2026-03-16 06:46:00,4432,flight_plan_manager,srv_sagitario,2.3,10.7,789,47,running,25d 15h
2026-03-16 06:46:00,7685,traffic_control_gui,leticia,3.6,5.3,18,28,stopped,13d 5h
2026-03-16 06:46:00,1102,ops_reporting_srv,srv_sagitario,1.3,3.0,318,7,running,3d 21h
2026-03-16 06:46:00,5567,network_sync_gateway,root,2.2,1.4,197,15,running,3d 1h
2026-03-16 06:46:00,2234,security_auth_srv,root,1.3,2.7,197,5,running,27d 3h
2026-03-16 06:46:00,3341,log_collector,srv_sagitario,2.9,1.1,216,22,running,12d 21h
2026-03-16 06:46:00,4456,alert_generator,srv_sagitario,2.4,4.1,286,23,running,29d 12h
2026-03-16 06:46:00,5578,historical_archiver,srv_sagitario,0.1,0.4,28,1,sleeping,30d 11h
2026-03-16 06:46:00,1123,backup_engine,root,0.3,0.1,20,5,sleeping,15d 1h
2026-03-16 06:46:00,2245,audit_service,root,0.0,0.1,32,4,sleeping,1d 0h
2026-03-16 06:46:00,8876,maintenance_shell,leticia,0.0,5.0,340,39,stopped,26d 13h
2026-03-16 06:47:00,3456,proc_asm,srv_sagitario,7.0,17.2,1448,68,running,29d 18h
2026-03-16 06:47:00,1234,proc_correlation,srv_sagitario,10.5,10.0,1005,66,running,22d 9h
2026-03-16 06:47:00,9921,proc_db,db_admin,10.4,11.6,1044,49,running,10d 18h
2026-03-16 06:47:00,8854,radar_data_ingestion,srv_sagitario,10.2,17.1,1580,50,running,18d 22h
2026-03-16 06:47:00,4432,flight_plan_manager,srv_sagitario,3.4,11.6,758,32,running,14d 17h
2026-03-16 06:47:00,7685,traffic_control_gui,leticia,1.8,5.4,228,16,stopped,15d 7h
2026-03-16 06:47:00,1102,ops_reporting_srv,srv_sagitario,2.5,3.7,52,12,running,25d 20h
2026-03-16 06:47:00,5567,network_sync_gateway,root,1.5,1.4,80,25,running,28d 15h
2026-03-16 06:47:00,2234,security_auth_srv,root,0.5,4.1,282,19,running,15d 11h
2026-03-16 06:47:00,3341,log_collector,srv_sagitario,2.3,1.1,197,30,running,14d 21h
2026-03-16 06:47:00,4456,alert_generator,srv_sagitario,1.0,1.3,175,27,running,11d 7h
2026-03-16 06:47:00,5578,historical_archiver,srv_sagitario,0.4,0.1,31,3,sleeping,18d 22h
2026-03-16 06:47:00,1123,backup_engine,root,0.1,0.1,19,3,sleeping,26d 4h
2026-03-16 06:47:00,2245,audit_service,root,0.4,0.2,34,7,sleeping,23d 6h
2026-03-16 06:47:00,8876,maintenance_shell,leticia,0.0,3.6,101,0,stopped,6d 20h
2026-03-16 06:48:00,3456,proc_asm,srv_sagitario,10.1,19.8,1756,26,running,17d 15h
2026-03-16 06:48:00,1234,proc_correlation,srv_sagitario,10.3,18.8,1709,71,running,16d 14h
2026-03-16 06:48:00,9921,proc_db,db_admin,6.0,24.7,2143,66,running,1d 22h
2026-03-16 06:48:00,8854,radar_data_ingestion,srv_sagitario,8.2,15.2,1374,45,running,16d 13h
2026-03-16 06:48:00,4432,flight_plan_manager,srv_sagitario,4.2,7.1,820,56,running,26d 18h
2026-03-16 06:48:00,7685,traffic_control_gui,leticia,2.4,7.9,344,7,stopped,21d 9h
2026-03-16 06:48:00,1102,ops_reporting_srv,srv_sagitario,0.5,1.0,158,24,running,30d 16h
2026-03-16 06:48:00,5567,network_sync_gateway,root,0.7,0.8,222,11,running,25d 0h
2026-03-16 06:48:00,2234,security_auth_srv,root,1.2,4.7,67,13,running,9d 10h
2026-03-16 06:48:00,3341,log_collector,srv_sagitario,0.8,2.0,130,22,running,24d 4h
2026-03-16 06:48:00,4456,alert_generator,srv_sagitario,1.9,1.9,82,22,running,16d 16h
2026-03-16 06:48:00,5578,historical_archiver,srv_sagitario,0.1,0.4,17,5,sleeping,24d 4h
2026-03-16 06:48:00,1123,backup_engine,root,0.1,0.4,24,4,sleeping,4d 7h
2026-03-16 06:48:00,2245,audit_service,root,0.1,0.4,32,4,sleeping,9d 22h
2026-03-16 06:48:00,8876,maintenance_shell,leticia,0.0,1.6,344,17,stopped,22d 4h
2026-03-16 06:49:00,3456,proc_asm,srv_sagitario,7.0,18.0,1555,27,running,25d 16h
2026-03-16 06:49:00,1234,proc_correlation,srv_sagitario,5.4,16.4,1464,50,running,3d 0h
2026-03-16 06:49:00,9921,proc_db,db_admin,4.1,10.6,1004,43,running,15d 12h
2026-03-16 06:49:00,8854,radar_data_ingestion,srv_sagitario,4.3,15.4,1316,24,running,25d 2h
2026-03-16 06:49:00,4432,flight_plan_manager,srv_sagitario,4.0,9.2,849,53,running,16d 14h
2026-03-16 06:49:00,7685,traffic_control_gui,leticia,0.4,2.3,396,18,stopped,19d 15h
2026-03-16 06:49:00,1102,ops_reporting_srv,srv_sagitario,2.9,3.2,223,13,running,14d 1h
2026-03-16 06:49:00,5567,network_sync_gateway,root,1.8,1.9,108,27,running,28d 16h
2026-03-16 06:49:00,2234,security_auth_srv,root,1.3,3.4,249,5,running,4d 5h
2026-03-16 06:49:00,3341,log_collector,srv_sagitario,2.6,4.4,232,7,running,2d 14h
2026-03-16 06:49:00,4456,alert_generator,srv_sagitario,1.5,1.7,139,27,running,1d 14h
2026-03-16 06:49:00,5578,historical_archiver,srv_sagitario,0.1,0.5,28,2,sleeping,23d 20h
2026-03-16 06:49:00,1123,backup_engine,root,0.4,0.4,23,1,sleeping,27d 21h
2026-03-16 06:49:00,2245,audit_service,root,0.2,0.5,38,8,sleeping,7d 22h
2026-03-16 06:49:00,8876,maintenance_shell,leticia,0.0,6.3,409,26,stopped,2d 5h
2026-03-16 06:50:00,3456,proc_asm,srv_sagitario,10.0,17.1,1445,27,running,1d 12h
2026-03-16 06:50:00,1234,proc_correlation,srv_sagitario,8.9,11.1,1057,51,running,1d 12h
2026-03-16 06:50:00,9921,proc_db,db_admin,9.8,21.0,1790,54,running,6d 0h
2026-03-16 06:50:00,8854,radar_data_ingestion,srv_sagitario,6.1,10.4,914,44,running,14d 23h
2026-03-16 06:50:00,4432,flight_plan_manager,srv_sagitario,3.7,7.4,786,38,running,19d 22h
2026-03-16 06:50:00,7685,traffic_control_gui,leticia,1.5,4.9,378,6,sleeping,20d 12h
2026-03-16 06:50:00,1102,ops_reporting_srv,srv_sagitario,0.9,1.3,164,16,running,4d 20h
2026-03-16 06:50:00,5567,network_sync_gateway,root,1.2,1.6,245,7,running,28d 5h
2026-03-16 06:50:00,2234,security_auth_srv,root,0.6,3.2,241,28,running,1d 14h
2026-03-16 06:50:00,3341,log_collector,srv_sagitario,1.1,4.8,58,21,running,23d 3h
2026-03-16 06:50:00,4456,alert_generator,srv_sagitario,1.2,3.6,229,22,running,6d 18h
2026-03-16 06:50:00,5578,historical_archiver,srv_sagitario,0.4,0.2,18,6,sleeping,26d 16h
2026-03-16 06:50:00,1123,backup_engine,root,0.2,0.3,21,8,sleeping,28d 18h
2026-03-16 06:50:00,2245,audit_service,root,0.5,0.2,32,7,sleeping,30d 8h
2026-03-16 06:50:00,8876,maintenance_shell,leticia,0.0,1.5,264,18,sleeping,5d 9h
2026-03-16 06:51:00,3456,proc_asm,srv_sagitario,6.8,12.6,1122,65,running,1d 1h
2026-03-16 06:51:00,1234,proc_correlation,srv_sagitario,8.7,12.2,1157,49,running,11d 6h
2026-03-16 06:51:00,9921,proc_db,db_admin,8.2,16.8,1483,61,running,24d 5h
2026-03-16 06:51:00,8854,radar_data_ingestion,srv_sagitario,7.1,14.8,1294,53,running,3d 18h
2026-03-16 06:51:00,4432,flight_plan_manager,srv_sagitario,4.0,11.7,884,56,running,18d 7h
2026-03-16 06:51:00,7685,traffic_control_gui,leticia,2.8,0.8,53,12,stopped,17d 23h
2026-03-16 06:51:00,1102,ops_reporting_srv,srv_sagitario,2.8,2.8,177,24,running,12d 16h
2026-03-16 06:51:00,5567,network_sync_gateway,root,1.7,0.6,154,30,running,27d 10h
2026-03-16 06:51:00,2234,security_auth_srv,root,2.5,2.1,89,5,running,8d 15h
2026-03-16 06:51:00,3341,log_collector,srv_sagitario,1.3,1.5,65,15,running,6d 15h
2026-03-16 06:51:00,4456,alert_generator,srv_sagitario,2.7,0.8,224,20,running,17d 7h
2026-03-16 06:51:00,5578,historical_archiver,srv_sagitario,0.1,0.2,31,3,sleeping,3d 10h
2026-03-16 06:51:00,1123,backup_engine,root,0.0,0.4,30,7,sleeping,6d 17h
2026-03-16 06:51:00,2245,audit_service,root,0.0,0.4,39,6,sleeping,18d 21h
2026-03-16 06:51:00,8876,maintenance_shell,leticia,0.0,6.4,439,2,stopped,16d 19h
2026-03-16 06:52:00,3456,proc_asm,srv_sagitario,4.4,18.5,1557,36,running,6d 9h
2026-03-16 06:52:00,1234,proc_correlation,srv_sagitario,7.5,20.6,1756,39,running,11d 2h
2026-03-16 06:52:00,9921,proc_db,db_admin,4.7,21.8,1841,49,running,5d 6h
2026-03-16 06:52:00,8854,radar_data_ingestion,srv_sagitario,10.4,21.5,1715,54,running,2d 7h
2026-03-16 06:52:00,4432,flight_plan_manager,srv_sagitario,4.9,9.5,724,44,running,12d 23h
2026-03-16 06:52:00,7685,traffic_control_gui,leticia,3.1,3.4,445,32,stopped,9d 15h
2026-03-16 06:52:00,1102,ops_reporting_srv,srv_sagitario,2.9,4.4,134,22,running,10d 2h
2026-03-16 06:52:00,5567,network_sync_gateway,root,1.3,3.1,262,14,running,5d 6h
2026-03-16 06:52:00,2234,security_auth_srv,root,2.6,0.8,150,29,running,25d 5h
2026-03-16 06:52:00,3341,log_collector,srv_sagitario,2.9,1.5,143,10,running,2d 23h
2026-03-16 06:52:00,4456,alert_generator,srv_sagitario,1.5,4.1,327,26,running,28d 15h
2026-03-16 06:52:00,5578,historical_archiver,srv_sagitario,0.2,0.2,25,1,sleeping,21d 20h
2026-03-16 06:52:00,1123,backup_engine,root,0.1,0.5,32,8,sleeping,7d 14h
2026-03-16 06:52:00,2245,audit_service,root,0.4,0.1,22,2,sleeping,21d 9h
2026-03-16 06:52:00,8876,maintenance_shell,leticia,0.0,4.9,445,12,stopped,26d 4h
2026-03-16 06:53:00,3456,proc_asm,srv_sagitario,4.5,23.7,2053,49,running,16d 3h
2026-03-16 06:53:00,1234,proc_correlation,srv_sagitario,8.7,11.7,1124,52,running,19d 17h
2026-03-16 06:53:00,9921,proc_db,db_admin,7.4,24.6,2062,40,running,11d 13h
2026-03-16 06:53:00,8854,radar_data_ingestion,srv_sagitario,9.8,11.2,1052,59,running,8d 16h
2026-03-16 06:53:00,4432,flight_plan_manager,srv_sagitario,1.9,7.8,792,61,running,4d 10h
2026-03-16 06:53:00,7685,traffic_control_gui,leticia,0.2,2.7,496,13,stopped,14d 9h
2026-03-16 06:53:00,1102,ops_reporting_srv,srv_sagitario,2.4,2.8,192,16,running,23d 21h
2026-03-16 06:53:00,5567,network_sync_gateway,root,1.8,1.5,123,9,running,4d 0h
2026-03-16 06:53:00,2234,security_auth_srv,root,2.8,3.0,190,30,running,16d 16h
2026-03-16 06:53:00,3341,log_collector,srv_sagitario,1.6,3.5,293,23,running,14d 8h
2026-03-16 06:53:00,4456,alert_generator,srv_sagitario,1.2,4.8,245,14,running,28d 22h
2026-03-16 06:53:00,5578,historical_archiver,srv_sagitario,0.2,0.4,36,8,sleeping,24d 7h
2026-03-16 06:53:00,1123,backup_engine,root,0.4,0.1,35,5,sleeping,2d 13h
2026-03-16 06:53:00,2245,audit_service,root,0.1,0.5,22,5,sleeping,1d 19h
2026-03-16 06:53:00,8876,maintenance_shell,leticia,0.0,7.5,449,37,stopped,30d 14h
2026-03-16 06:54:00,3456,proc_asm,srv_sagitario,10.1,10.3,994,44,running,24d 1h
2026-03-16 06:54:00,1234,proc_correlation,srv_sagitario,7.4,19.3,1638,30,running,20d 13h
2026-03-16 06:54:00,9921,proc_db,db_admin,7.0,14.8,1296,46,running,30d 8h
2026-03-16 06:54:00,8854,radar_data_ingestion,srv_sagitario,4.5,18.1,1575,62,running,30d 6h
2026-03-16 06:54:00,4432,flight_plan_manager,srv_sagitario,3.3,8.6,876,53,running,22d 16h
2026-03-16 06:54:00,7685,traffic_control_gui,leticia,0.1,6.9,102,38,stopped,13d 5h
2026-03-16 06:54:00,1102,ops_reporting_srv,srv_sagitario,2.7,3.6,228,7,running,21d 18h
2026-03-16 06:54:00,5567,network_sync_gateway,root,1.8,0.7,70,18,running,1d 3h
2026-03-16 06:54:00,2234,security_auth_srv,root,2.1,3.9,285,12,running,6d 7h
2026-03-16 06:54:00,3341,log_collector,srv_sagitario,1.0,3.7,73,7,running,26d 7h
2026-03-16 06:54:00,4456,alert_generator,srv_sagitario,3.0,0.8,245,16,running,22d 14h
2026-03-16 06:54:00,5578,historical_archiver,srv_sagitario,0.2,0.1,39,3,sleeping,24d 20h
2026-03-16 06:54:00,1123,backup_engine,root,0.3,0.2,31,4,sleeping,14d 16h
2026-03-16 06:54:00,2245,audit_service,root,0.1,0.2,39,6,sleeping,27d 17h
2026-03-16 06:54:00,8876,maintenance_shell,leticia,0.0,4.2,177,16,stopped,30d 16h
2026-03-16 06:55:00,3456,proc_asm,srv_sagitario,72.0,19.2,1698,104,running,30d 21h
2026-03-16 06:55:00,1234,proc_correlation,srv_sagitario,46.2,21.0,1734,110,running,12d 15h
2026-03-16 06:55:00,9921,proc_db,db_admin,69.4,24.9,2050,160,running,10d 6h
2026-03-16 06:55:00,8854,radar_data_ingestion,srv_sagitario,63.9,10.6,985,161,running,7d 19h
2026-03-16 06:55:00,4432,flight_plan_manager,srv_sagitario,7.4,9.8,834,46,running,12d 10h
2026-03-16 06:55:00,7685,traffic_control_gui,leticia,1.2,1.1,11,21,sleeping,29d 10h
2026-03-16 06:55:00,1102,ops_reporting_srv,srv_sagitario,2.6,2.9,221,13,running,15d 19h
2026-03-16 06:55:00,5567,network_sync_gateway,root,2.6,3.7,119,30,running,24d 16h
2026-03-16 06:55:00,2234,security_auth_srv,root,2.9,2.9,63,9,running,11d 14h
2026-03-16 06:55:00,3341,log_collector,srv_sagitario,1.1,0.5,160,22,running,15d 15h
2026-03-16 06:55:00,4456,alert_generator,srv_sagitario,2.3,2.7,139,19,running,18d 23h
2026-03-16 06:55:00,5578,historical_archiver,srv_sagitario,0.3,0.5,39,1,sleeping,3d 23h
2026-03-16 06:55:00,1123,backup_engine,root,0.3,0.4,40,6,sleeping,24d 4h
2026-03-16 06:55:00,2245,audit_service,root,0.1,0.2,12,4,sleeping,9d 20h
2026-03-16 06:55:00,8876,maintenance_shell,leticia,0.0,2.6,494,30,sleeping,7d 16h
2026-03-16 06:56:00,3456,proc_asm,srv_sagitario,46.9,24.2,2102,70,running,30d 14h
2026-03-16 06:56:00,1234,proc_correlation,srv_sagitario,57.1,20.1,1666,80,running,16d 5h
2026-03-16 06:56:00,9921,proc_db,db_admin,52.7,19.1,1666,112,running,17d 9h
2026-03-16 06:56:00,8854,radar_data_ingestion,srv_sagitario,73.6,12.4,1163,112,running,19d 18h
2026-03-16 06:56:00,4432,flight_plan_manager,srv_sagitario,4.1,8.9,837,45,running,8d 4h
2026-03-16 06:56:00,7685,traffic_control_gui,leticia,3.7,4.8,486,18,stopped,10d 2h
2026-03-16 06:56:00,1102,ops_reporting_srv,srv_sagitario,2.3,1.4,141,22,running,30d 4h
2026-03-16 06:56:00,5567,network_sync_gateway,root,1.0,2.1,244,6,running,1d 22h
2026-03-16 06:56:00,2234,security_auth_srv,root,1.4,2.8,129,6,running,29d 15h
2026-03-16 06:56:00,3341,log_collector,srv_sagitario,1.3,2.3,256,24,running,21d 20h
2026-03-16 06:56:00,4456,alert_generator,srv_sagitario,2.9,0.8,287,26,running,3d 20h
2026-03-16 06:56:00,5578,historical_archiver,srv_sagitario,0.1,0.3,14,3,sleeping,13d 18h
2026-03-16 06:56:00,1123,backup_engine,root,0.2,0.3,25,1,sleeping,22d 15h
2026-03-16 06:56:00,2245,audit_service,root,0.3,0.3,20,2,sleeping,30d 13h
2026-03-16 06:56:00,8876,maintenance_shell,leticia,0.0,4.8,286,18,stopped,13d 11h
2026-03-16 06:57:00,3456,proc_asm,srv_sagitario,71.5,11.7,1000,101,running,2d 11h
2026-03-16 06:57:00,1234,proc_correlation,srv_sagitario,48.6,20.9,1733,135,running,26d 1h
2026-03-16 06:57:00,9921,proc_db,db_admin,71.3,10.9,947,112,running,7d 13h
2026-03-16 06:57:00,8854,radar_data_ingestion,srv_sagitario,47.3,22.1,1930,69,running,12d 17h
2026-03-16 06:57:00,4432,flight_plan_manager,srv_sagitario,4.7,11.9,791,49,running,17d 4h
2026-03-16 06:57:00,7685,traffic_control_gui,leticia,3.7,5.1,488,34,stopped,11d 6h
2026-03-16 06:57:00,1102,ops_reporting_srv,srv_sagitario,1.9,4.5,331,7,running,2d 11h
2026-03-16 06:57:00,5567,network_sync_gateway,root,0.8,5.0,293,28,running,26d 22h
2026-03-16 06:57:00,2234,security_auth_srv,root,2.6,2.0,51,21,running,20d 6h
2026-03-16 06:57:00,3341,log_collector,srv_sagitario,0.5,4.5,225,13,running,6d 4h
2026-03-16 06:57:00,4456,alert_generator,srv_sagitario,2.1,4.2,314,13,running,12d 5h
2026-03-16 06:57:00,5578,historical_archiver,srv_sagitario,0.4,0.2,32,6,sleeping,21d 4h
2026-03-16 06:57:00,1123,backup_engine,root,0.2,0.2,35,7,sleeping,20d 17h
2026-03-16 06:57:00,2245,audit_service,root,0.3,0.2,20,6,sleeping,27d 13h
2026-03-16 06:57:00,8876,maintenance_shell,leticia,0.0,0.2,334,33,stopped,6d 23h
2026-03-16 06:58:00,3456,proc_asm,srv_sagitario,43.8,18.3,1582,108,running,7d 13h
2026-03-16 06:58:00,1234,proc_correlation,srv_sagitario,71.2,13.3,1119,114,running,13d 16h
2026-03-16 06:58:00,9921,proc_db,db_admin,52.7,24.2,1977,72,running,6d 12h
2026-03-16 06:58:00,8854,radar_data_ingestion,srv_sagitario,42.7,22.7,1968,146,running,2d 1h
2026-03-16 06:58:00,4432,flight_plan_manager,srv_sagitario,3.7,11.5,870,59,running,27d 16h
2026-03-16 06:58:00,7685,traffic_control_gui,leticia,0.2,2.7,147,10,stopped,23d 4h
2026-03-16 06:58:00,1102,ops_reporting_srv,srv_sagitario,2.6,4.8,164,18,running,17d 22h
2026-03-16 06:58:00,5567,network_sync_gateway,root,1.1,2.5,299,20,running,18d 15h
2026-03-16 06:58:00,2234,security_auth_srv,root,1.6,1.3,220,16,running,18d 12h
2026-03-16 06:58:00,3341,log_collector,srv_sagitario,0.5,3.3,309,25,running,16d 7h
2026-03-16 06:58:00,4456,alert_generator,srv_sagitario,2.6,1.6,266,27,running,10d 14h
2026-03-16 06:58:00,5578,historical_archiver,srv_sagitario,0.2,0.1,18,1,sleeping,17d 10h
2026-03-16 06:58:00,1123,backup_engine,root,0.2,0.3,17,1,sleeping,1d 10h
2026-03-16 06:58:00,2245,audit_service,root,0.3,0.2,23,5,sleeping,10d 18h
2026-03-16 06:58:00,8876,maintenance_shell,leticia,0.0,2.4,341,34,stopped,16d 2h
2026-03-16 06:59:00,3456,proc_asm,srv_sagitario,53.9,12.5,1052,107,running,5d 5h
2026-03-16 06:59:00,1234,proc_correlation,srv_sagitario,51.1,14.6,1314,175,running,19d 23h
2026-03-16 06:59:00,9921,proc_db,db_admin,65.1,14.2,1234,151,running,21d 21h
2026-03-16 06:59:00,8854,radar_data_ingestion,srv_sagitario,42.8,24.4,2046,90,running,26d 13h
2026-03-16 06:59:00,4432,flight_plan_manager,srv_sagitario,7.9,9.8,799,69,running,8d 23h
2026-03-16 06:59:00,7685,traffic_control_gui,leticia,0.6,1.2,15,2,stopped,3d 15h
2026-03-16 06:59:00,1102,ops_reporting_srv,srv_sagitario,2.3,1.7,239,18,running,15d 20h
2026-03-16 06:59:00,5567,network_sync_gateway,root,0.9,1.6,226,23,running,24d 4h
2026-03-16 06:59:00,2234,security_auth_srv,root,0.6,3.4,86,16,running,25d 11h
2026-03-16 06:59:00,3341,log_collector,srv_sagitario,2.6,3.0,332,7,running,23d 23h
2026-03-16 06:59:00,4456,alert_generator,srv_sagitario,1.6,3.8,175,13,running,10d 2h
2026-03-16 06:59:00,5578,historical_archiver,srv_sagitario,0.4,0.2,25,7,sleeping,11d 23h
2026-03-16 06:59:00,1123,backup_engine,root,0.1,0.4,29,6,sleeping,25d 11h
2026-03-16 06:59:00,2245,audit_service,root,0.3,0.3,22,7,sleeping,24d 16h
2026-03-16 06:59:00,8876,maintenance_shell,leticia,0.0,2.2,481,1,stopped,7d 15h
2026-03-16 07:00:00,3456,proc_asm,srv_sagitario,56.4,16.0,1326,137,running,22d 22h
2026-03-16 07:00:00,1234,proc_correlation,srv_sagitario,46.6,19.9,1616,156,running,9d 2h
2026-03-16 07:00:00,9921,proc_db,db_admin,56.2,11.4,1032,105,running,3d 19h
2026-03-16 07:00:00,8854,radar_data_ingestion,srv_sagitario,42.1,17.7,1599,81,running,20d 11h
2026-03-16 07:00:00,4432,flight_plan_manager,srv_sagitario,3.0,7.3,845,56,running,20d 11h
2026-03-16 07:00:00,7685,traffic_control_gui,leticia,0.1,3.9,86,6,sleeping,16d 21h
2026-03-16 07:00:00,1102,ops_reporting_srv,srv_sagitario,0.6,2.4,313,16,running,27d 0h
2026-03-16 07:00:00,5567,network_sync_gateway,root,2.3,3.1,199,14,running,14d 4h
2026-03-16 07:00:00,2234,security_auth_srv,root,0.8,4.7,75,16,running,20d 0h
2026-03-16 07:00:00,3341,log_collector,srv_sagitario,2.7,1.8,242,14,running,6d 17h
2026-03-16 07:00:00,4456,alert_generator,srv_sagitario,2.8,2.1,176,25,running,7d 6h
2026-03-16 07:00:00,5578,historical_archiver,srv_sagitario,0.4,0.3,19,3,sleeping,15d 6h
2026-03-16 07:00:00,1123,backup_engine,root,0.3,0.4,22,1,sleeping,15d 14h
2026-03-16 07:00:00,2245,audit_service,root,0.4,0.4,12,4,sleeping,22d 15h
2026-03-16 07:00:00,8876,maintenance_shell,leticia,0.0,2.5,480,5,sleeping,15d 10h
2026-03-16 07:01:00,3456,proc_asm,srv_sagitario,69.8,17.8,1602,82,running,15d 3h
2026-03-16 07:01:00,1234,proc_correlation,srv_sagitario,72.3,15.6,1404,179,running,9d 17h
2026-03-16 07:01:00,9921,proc_db,db_admin,57.8,17.8,1553,94,running,29d 16h
2026-03-16 07:01:00,8854,radar_data_ingestion,srv_sagitario,46.6,14.6,1269,111,running,3d 12h
2026-03-16 07:01:00,4432,flight_plan_manager,srv_sagitario,4.2,11.4,861,66,running,18d 6h
2026-03-16 07:01:00,7685,traffic_control_gui,leticia,1.2,4.1,393,13,stopped,21d 23h
2026-03-16 07:01:00,1102,ops_reporting_srv,srv_sagitario,0.6,1.7,253,8,running,8d 14h
2026-03-16 07:01:00,5567,network_sync_gateway,root,2.5,4.1,206,6,running,16d 23h
2026-03-16 07:01:00,2234,security_auth_srv,root,1.3,3.5,184,23,running,21d 21h
2026-03-16 07:01:00,3341,log_collector,srv_sagitario,2.4,2.1,249,21,running,8d 10h
2026-03-16 07:01:00,4456,alert_generator,srv_sagitario,1.5,3.2,198,30,running,2d 18h
2026-03-16 07:01:00,5578,historical_archiver,srv_sagitario,0.2,0.3,12,2,sleeping,4d 12h
2026-03-16 07:01:00,1123,backup_engine,root,0.3,0.1,31,3,sleeping,26d 4h
2026-03-16 07:01:00,2245,audit_service,root,0.1,0.3,30,7,sleeping,17d 18h
2026-03-16 07:01:00,8876,maintenance_shell,leticia,0.0,3.2,455,18,stopped,26d 5h
2026-03-16 07:02:00,3456,proc_asm,srv_sagitario,65.5,23.8,2056,88,running,19d 15h
2026-03-16 07:02:00,1234,proc_correlation,srv_sagitario,72.9,11.1,1068,62,running,1d 20h
2026-03-16 07:02:00,9921,proc_db,db_admin,66.4,19.6,1755,69,running,14d 12h
2026-03-16 07:02:00,8854,radar_data_ingestion,srv_sagitario,53.7,20.4,1757,84,running,22d 7h
2026-03-16 07:02:00,4432,flight_plan_manager,srv_sagitario,5.1,10.3,850,46,running,20d 9h
2026-03-16 07:02:00,7685,traffic_control_gui,leticia,3.3,3.2,188,0,stopped,12d 22h
2026-03-16 07:02:00,1102,ops_reporting_srv,srv_sagitario,2.2,2.0,331,21,running,1d 6h
2026-03-16 07:02:00,5567,network_sync_gateway,root,2.2,4.5,171,27,running,20d 14h
2026-03-16 07:02:00,2234,security_auth_srv,root,2.6,1.3,56,11,running,27d 0h
2026-03-16 07:02:00,3341,log_collector,srv_sagitario,1.7,3.9,80,24,running,30d 2h
2026-03-16 07:02:00,4456,alert_generator,srv_sagitario,2.8,2.4,251,16,running,7d 19h
2026-03-16 07:02:00,5578,historical_archiver,srv_sagitario,0.5,0.1,37,4,sleeping,1d 23h
2026-03-16 07:02:00,1123,backup_engine,root,0.3,0.1,37,7,sleeping,2d 10h
2026-03-16 07:02:00,2245,audit_service,root,0.0,0.2,21,8,sleeping,7d 12h
2026-03-16 07:02:00,8876,maintenance_shell,leticia,0.0,4.0,8,1,stopped,23d 19h
2026-03-16 07:03:00,3456,proc_asm,srv_sagitario,61.9,21.1,1806,166,running,5d 14h
2026-03-16 07:03:00,1234,proc_correlation,srv_sagitario,51.5,18.1,1501,158,running,3d 9h
2026-03-16 07:03:00,9921,proc_db,db_admin,51.9,24.1,2053,158,running,29d 16h
2026-03-16 07:03:00,8854,radar_data_ingestion,srv_sagitario,64.8,23.5,1954,139,running,13d 10h
2026-03-16 07:03:00,4432,flight_plan_manager,srv_sagitario,7.1,10.4,830,32,running,22d 9h
2026-03-16 07:03:00,7685,traffic_control_gui,leticia,3.9,6.7,164,23,stopped,15d 2h
2026-03-16 07:03:00,1102,ops_reporting_srv,srv_sagitario,1.8,3.8,142,12,running,11d 23h
2026-03-16 07:03:00,5567,network_sync_gateway,root,1.6,2.5,142,17,running,29d 18h
2026-03-16 07:03:00,2234,security_auth_srv,root,1.6,2.4,332,25,running,18d 17h
2026-03-16 07:03:00,3341,log_collector,srv_sagitario,2.9,1.0,247,15,running,19d 6h
2026-03-16 07:03:00,4456,alert_generator,srv_sagitario,1.5,2.6,108,26,running,15d 10h
2026-03-16 07:03:00,5578,historical_archiver,srv_sagitario,0.4,0.1,29,3,sleeping,27d 13h
2026-03-16 07:03:00,1123,backup_engine,root,0.1,0.1,33,3,sleeping,27d 0h
2026-03-16 07:03:00,2245,audit_service,root,0.1,0.3,10,6,sleeping,3d 3h
2026-03-16 07:03:00,8876,maintenance_shell,leticia,0.0,4.9,433,1,stopped,22d 20h
2026-03-16 07:04:00,3456,proc_asm,srv_sagitario,50.8,10.8,918,150,running,28d 2h
2026-03-16 07:04:00,1234,proc_correlation,srv_sagitario,57.1,10.3,945,82,running,8d 13h
2026-03-16 07:04:00,9921,proc_db,db_admin,68.5,10.4,893,92,running,24d 18h
2026-03-16 07:04:00,8854,radar_data_ingestion,srv_sagitario,45.2,18.6,1677,114,running,4d 22h
2026-03-16 07:04:00,4432,flight_plan_manager,srv_sagitario,9.9,8.9,801,56,running,11d 15h
2026-03-16 07:04:00,7685,traffic_control_gui,leticia,3.7,3.5,133,26,stopped,20d 1h
2026-03-16 07:04:00,1102,ops_reporting_srv,srv_sagitario,2.0,3.9,311,10,running,3d 1h
2026-03-16 07:04:00,5567,network_sync_gateway,root,0.8,3.0,264,13,running,14d 8h
2026-03-16 07:04:00,2234,security_auth_srv,root,1.6,0.8,327,5,running,4d 8h
2026-03-16 07:04:00,3341,log_collector,srv_sagitario,2.5,1.3,170,11,running,2d 0h
2026-03-16 07:04:00,4456,alert_generator,srv_sagitario,1.1,3.5,122,28,running,19d 7h
2026-03-16 07:04:00,5578,historical_archiver,srv_sagitario,0.0,0.5,26,2,sleeping,20d 17h
2026-03-16 07:04:00,1123,backup_engine,root,0.1,0.1,22,3,sleeping,1d 16h
2026-03-16 07:04:00,2245,audit_service,root,0.1,0.3,10,6,sleeping,20d 22h
2026-03-16 07:04:00,8876,maintenance_shell,leticia,0.0,1.5,74,23,stopped,21d 9h
2026-03-16 07:05:00,3456,proc_asm,srv_sagitario,45.0,18.7,1658,122,running,7d 23h
2026-03-16 07:05:00,1234,proc_correlation,srv_sagitario,56.0,20.5,1745,144,running,30d 13h
2026-03-16 07:05:00,9921,proc_db,db_admin,64.9,18.3,1484,117,running,5d 7h
2026-03-16 07:05:00,8854,radar_data_ingestion,srv_sagitario,73.5,21.3,1822,128,running,26d 5h
2026-03-16 07:05:00,4432,flight_plan_manager,srv_sagitario,8.2,11.5,722,47,running,23d 19h
2026-03-16 07:05:00,7685,traffic_control_gui,leticia,2.1,1.9,419,19,sleeping,21d 7h
2026-03-16 07:05:00,1102,ops_reporting_srv,srv_sagitario,2.2,3.4,113,16,running,20d 16h
2026-03-16 07:05:00,5567,network_sync_gateway,root,1.5,2.2,176,14,running,27d 9h
2026-03-16 07:05:00,2234,security_auth_srv,root,2.7,3.4,241,15,running,29d 4h
2026-03-16 07:05:00,3341,log_collector,srv_sagitario,2.9,1.6,163,15,running,18d 5h
2026-03-16 07:05:00,4456,alert_generator,srv_sagitario,1.1,1.4,139,10,running,24d 17h
2026-03-16 07:05:00,5578,historical_archiver,srv_sagitario,0.3,0.3,34,7,sleeping,20d 15h
2026-03-16 07:05:00,1123,backup_engine,root,0.4,0.5,34,7,sleeping,25d 22h
2026-03-16 07:05:00,2245,audit_service,root,0.2,0.2,17,8,sleeping,13d 0h
2026-03-16 07:05:00,8876,maintenance_shell,leticia,0.0,6.2,162,34,sleeping,15d 19h
2026-03-16 07:06:00,3456,proc_asm,srv_sagitario,74.8,19.2,1607,61,running,22d 16h
2026-03-16 07:06:00,1234,proc_correlation,srv_sagitario,71.4,17.0,1376,64,running,26d 8h
2026-03-16 07:06:00,9921,proc_db,db_admin,66.1,18.4,1480,102,running,27d 21h
2026-03-16 07:06:00,8854,radar_data_ingestion,srv_sagitario,52.9,11.7,1134,77,running,5d 19h
2026-03-16 07:06:00,4432,flight_plan_manager,srv_sagitario,9.2,11.2,817,67,running,6d 10h
2026-03-16 07:06:00,7685,traffic_control_gui,leticia,0.8,4.9,361,17,stopped,17d 16h
2026-03-16 07:06:00,1102,ops_reporting_srv,srv_sagitario,2.9,4.6,322,17,running,17d 20h
2026-03-16 07:06:00,5567,network_sync_gateway,root,1.5,4.9,139,8,running,18d 1h
2026-03-16 07:06:00,2234,security_auth_srv,root,1.3,1.8,230,13,running,30d 22h
2026-03-16 07:06:00,3341,log_collector,srv_sagitario,0.8,1.8,131,19,running,6d 17h
2026-03-16 07:06:00,4456,alert_generator,srv_sagitario,0.7,2.7,132,23,running,5d 8h
2026-03-16 07:06:00,5578,historical_archiver,srv_sagitario,0.5,0.4,29,6,sleeping,13d 10h
2026-03-16 07:06:00,1123,backup_engine,root,0.4,0.4,13,1,sleeping,2d 15h
2026-03-16 07:06:00,2245,audit_service,root,0.0,0.5,23,3,sleeping,18d 18h
2026-03-16 07:06:00,8876,maintenance_shell,leticia,0.0,2.6,437,24,stopped,19d 0h
2026-03-16 07:07:00,3456,proc_asm,srv_sagitario,21.0,17.9,1530,46,running,27d 23h
2026-03-16 07:07:00,1234,proc_correlation,srv_sagitario,20.5,23.4,1929,46,running,26d 7h
2026-03-16 07:07:00,9921,proc_db,db_admin,13.0,20.0,1710,38,running,30d 19h
2026-03-16 07:07:00,8854,radar_data_ingestion,srv_sagitario,23.9,17.8,1479,70,running,22d 17h
2026-03-16 07:07:00,4432,flight_plan_manager,srv_sagitario,2.2,9.3,853,43,running,21d 10h
2026-03-16 07:07:00,7685,traffic_control_gui,leticia,1.2,7.1,360,8,stopped,7d 5h
2026-03-16 07:07:00,1102,ops_reporting_srv,srv_sagitario,0.5,3.7,312,26,running,13d 17h
2026-03-16 07:07:00,5567,network_sync_gateway,root,1.2,4.8,79,10,running,20d 21h
2026-03-16 07:07:00,2234,security_auth_srv,root,0.9,2.4,69,28,running,18d 10h
2026-03-16 07:07:00,3341,log_collector,srv_sagitario,2.0,3.1,307,25,running,29d 0h
2026-03-16 07:07:00,4456,alert_generator,srv_sagitario,1.4,5.0,191,6,running,16d 4h
2026-03-16 07:07:00,5578,historical_archiver,srv_sagitario,0.3,0.3,24,7,sleeping,4d 1h
2026-03-16 07:07:00,1123,backup_engine,root,0.3,0.2,26,5,sleeping,18d 6h
2026-03-16 07:07:00,2245,audit_service,root,0.5,0.3,17,1,sleeping,26d 5h
2026-03-16 07:07:00,8876,maintenance_shell,leticia,0.0,5.1,392,17,stopped,2d 15h
2026-03-16 07:08:00,3456,proc_asm,srv_sagitario,16.2,16.8,1441,79,running,9d 5h
2026-03-16 07:08:00,1234,proc_correlation,srv_sagitario,10.4,15.1,1255,73,running,11d 4h
2026-03-16 07:08:00,9921,proc_db,db_admin,19.4,14.5,1356,53,running,8d 8h
2026-03-16 07:08:00,8854,radar_data_ingestion,srv_sagitario,27.2,24.1,1926,78,running,7d 7h
2026-03-16 07:08:00,4432,flight_plan_manager,srv_sagitario,3.0,11.8,796,66,running,22d 13h
2026-03-16 07:08:00,7685,traffic_control_gui,leticia,1.3,2.2,449,12,stopped,5d 8h
2026-03-16 07:08:00,1102,ops_reporting_srv,srv_sagitario,1.7,4.5,281,16,running,23d 2h
2026-03-16 07:08:00,5567,network_sync_gateway,root,2.3,4.2,111,26,running,30d 4h
2026-03-16 07:08:00,2234,security_auth_srv,root,1.5,2.3,256,12,running,12d 22h
2026-03-16 07:08:00,3341,log_collector,srv_sagitario,1.8,3.7,329,25,running,13d 15h
2026-03-16 07:08:00,4456,alert_generator,srv_sagitario,2.4,2.5,182,21,running,23d 10h
2026-03-16 07:08:00,5578,historical_archiver,srv_sagitario,0.1,0.2,33,1,sleeping,26d 12h
2026-03-16 07:08:00,1123,backup_engine,root,0.4,0.2,31,2,sleeping,14d 21h
2026-03-16 07:08:00,2245,audit_service,root,0.2,0.4,33,6,sleeping,3d 9h
2026-03-16 07:08:00,8876,maintenance_shell,leticia,0.0,0.0,451,19,stopped,22d 20h
2026-03-16 07:09:00,3456,proc_asm,srv_sagitario,23.7,24.4,2119,79,running,1d 6h
2026-03-16 07:09:00,1234,proc_correlation,srv_sagitario,18.9,22.7,1855,56,running,21d 13h
2026-03-16 07:09:00,9921,proc_db,db_admin,26.6,18.0,1533,77,running,7d 15h
2026-03-16 07:09:00,8854,radar_data_ingestion,srv_sagitario,23.5,20.7,1778,48,running,6d 15h
2026-03-16 07:09:00,4432,flight_plan_manager,srv_sagitario,2.6,7.6,827,49,running,1d 2h
2026-03-16 07:09:00,7685,traffic_control_gui,leticia,0.7,4.5,394,7,stopped,10d 5h
2026-03-16 07:09:00,1102,ops_reporting_srv,srv_sagitario,0.9,0.6,256,23,running,7d 5h
2026-03-16 07:09:00,5567,network_sync_gateway,root,1.1,2.7,227,7,running,1d 18h
2026-03-16 07:09:00,2234,security_auth_srv,root,0.9,1.5,271,10,running,24d 14h
2026-03-16 07:09:00,3341,log_collector,srv_sagitario,1.3,2.0,102,11,running,1d 6h
2026-03-16 07:09:00,4456,alert_generator,srv_sagitario,0.6,3.6,58,7,running,21d 19h
2026-03-16 07:09:00,5578,historical_archiver,srv_sagitario,0.1,0.2,34,2,sleeping,5d 4h
2026-03-16 07:09:00,1123,backup_engine,root,0.1,0.1,35,2,sleeping,16d 13h
2026-03-16 07:09:00,2245,audit_service,root,0.4,0.2,10,8,sleeping,17d 17h
2026-03-16 07:09:00,8876,maintenance_shell,leticia,0.0,5.7,489,15,stopped,2d 1h
2026-03-16 07:10:00,3456,proc_asm,srv_sagitario,22.7,21.3,1741,45,running,9d 6h
2026-03-16 07:10:00,1234,proc_correlation,srv_sagitario,26.2,19.8,1779,86,running,12d 21h
2026-03-16 07:10:00,9921,proc_db,db_admin,13.8,23.0,1913,71,running,25d 3h
2026-03-16 07:10:00,8854,radar_data_ingestion,srv_sagitario,18.2,18.6,1550,56,running,5d 3h
2026-03-16 07:10:00,4432,flight_plan_manager,srv_sagitario,3.0,10.7,778,58,running,24d 21h
2026-03-16 07:10:00,7685,traffic_control_gui,leticia,0.8,3.5,45,35,sleeping,28d 0h
2026-03-16 07:10:00,1102,ops_reporting_srv,srv_sagitario,1.6,0.6,203,17,running,23d 1h
2026-03-16 07:10:00,5567,network_sync_gateway,root,1.0,1.0,337,10,running,21d 20h
2026-03-16 07:10:00,2234,security_auth_srv,root,0.9,4.6,159,16,running,26d 6h
2026-03-16 07:10:00,3341,log_collector,srv_sagitario,2.1,4.1,330,9,running,29d 19h
2026-03-16 07:10:00,4456,alert_generator,srv_sagitario,1.0,4.5,174,7,running,30d 17h
2026-03-16 07:10:00,5578,historical_archiver,srv_sagitario,0.2,0.1,40,5,sleeping,14d 14h
2026-03-16 07:10:00,1123,backup_engine,root,0.4,0.2,27,4,sleeping,2d 10h
2026-03-16 07:10:00,2245,audit_service,root,0.0,0.4,22,6,sleeping,8d 18h
2026-03-16 07:10:00,8876,maintenance_shell,leticia,0.0,1.8,89,0,sleeping,15d 17h
2026-03-16 07:11:00,3456,proc_asm,srv_sagitario,16.9,16.2,1323,74,running,27d 16h
2026-03-16 07:11:00,1234,proc_correlation,srv_sagitario,19.5,12.2,1054,46,running,10d 0h
2026-03-16 07:11:00,9921,proc_db,db_admin,23.6,10.1,880,79,running,6d 9h
2026-03-16 07:11:00,8854,radar_data_ingestion,srv_sagitario,21.8,10.7,907,34,running,27d 20h
2026-03-16 07:11:00,4432,flight_plan_manager,srv_sagitario,3.1,10.5,900,48,running,25d 15h
2026-03-16 07:11:00,7685,traffic_control_gui,leticia,1.1,2.0,328,12,stopped,26d 18h
2026-03-16 07:11:00,1102,ops_reporting_srv,srv_sagitario,1.8,4.7,101,12,running,30d 5h
2026-03-16 07:11:00,5567,network_sync_gateway,root,2.2,1.7,293,16,running,5d 16h
2026-03-16 07:11:00,2234,security_auth_srv,root,1.2,4.5,314,5,running,30d 3h
2026-03-16 07:11:00,3341,log_collector,srv_sagitario,1.1,4.2,267,28,running,7d 15h
2026-03-16 07:11:00,4456,alert_generator,srv_sagitario,1.2,2.7,292,21,running,25d 21h
2026-03-16 07:11:00,5578,historical_archiver,srv_sagitario,0.2,0.3,28,3,sleeping,1d 14h
2026-03-16 07:11:00,1123,backup_engine,root,0.2,0.5,10,8,sleeping,23d 8h
2026-03-16 07:11:00,2245,audit_service,root,0.1,0.4,32,4,sleeping,4d 5h
2026-03-16 07:11:00,8876,maintenance_shell,leticia,0.0,5.3,453,29,stopped,24d 23h
2026-03-16 07:12:00,3456,proc_asm,srv_sagitario,18.2,19.4,1609,56,running,11d 5h
2026-03-16 07:12:00,1234,proc_correlation,srv_sagitario,11.2,22.0,1778,79,running,27d 14h
2026-03-16 07:12:00,9921,proc_db,db_admin,25.7,13.3,1289,58,running,22d 19h
2026-03-16 07:12:00,8854,radar_data_ingestion,srv_sagitario,18.8,17.3,1404,62,running,16d 8h
2026-03-16 07:12:00,4432,flight_plan_manager,srv_sagitario,3.2,11.5,833,39,running,12d 19h
2026-03-16 07:12:00,7685,traffic_control_gui,leticia,2.5,7.8,242,17,stopped,13d 15h
2026-03-16 07:12:00,1102,ops_reporting_srv,srv_sagitario,2.2,1.2,102,15,running,27d 17h
2026-03-16 07:12:00,5567,network_sync_gateway,root,2.1,3.8,96,20,running,24d 17h
2026-03-16 07:12:00,2234,security_auth_srv,root,2.9,3.3,246,11,running,2d 11h
2026-03-16 07:12:00,3341,log_collector,srv_sagitario,1.2,2.7,74,12,running,16d 6h
2026-03-16 07:12:00,4456,alert_generator,srv_sagitario,1.9,3.8,327,12,running,22d 16h
2026-03-16 07:12:00,5578,historical_archiver,srv_sagitario,0.1,0.5,25,5,sleeping,7d 21h
2026-03-16 07:12:00,1123,backup_engine,root,0.4,0.3,14,7,sleeping,6d 0h
2026-03-16 07:12:00,2245,audit_service,root,0.0,0.5,38,8,sleeping,13d 23h
2026-03-16 07:12:00,8876,maintenance_shell,leticia,0.0,3.1,223,39,stopped,29d 4h
2026-03-16 07:13:00,3456,proc_asm,srv_sagitario,25.8,12.8,1131,44,running,2d 18h
2026-03-16 07:13:00,1234,proc_correlation,srv_sagitario,12.0,16.8,1520,53,running,16d 11h
2026-03-16 07:13:00,9921,proc_db,db_admin,10.7,18.7,1629,89,running,20d 21h
2026-03-16 07:13:00,8854,radar_data_ingestion,srv_sagitario,26.6,18.4,1618,43,running,3d 7h
2026-03-16 07:13:00,4432,flight_plan_manager,srv_sagitario,2.6,9.8,713,48,running,6d 18h
2026-03-16 07:13:00,7685,traffic_control_gui,leticia,1.2,1.4,177,24,stopped,29d 9h
2026-03-16 07:13:00,1102,ops_reporting_srv,srv_sagitario,2.8,1.7,222,25,running,18d 11h
2026-03-16 07:13:00,5567,network_sync_gateway,root,1.3,1.7,143,12,running,24d 13h
2026-03-16 07:13:00,2234,security_auth_srv,root,1.0,1.2,266,23,running,2d 23h
2026-03-16 07:13:00,3341,log_collector,srv_sagitario,0.7,0.6,92,5,running,27d 10h
2026-03-16 07:13:00,4456,alert_generator,srv_sagitario,2.5,4.6,350,12,running,11d 10h
2026-03-16 07:13:00,5578,historical_archiver,srv_sagitario,0.3,0.3,27,7,sleeping,5d 19h
2026-03-16 07:13:00,1123,backup_engine,root,0.3,0.3,30,2,sleeping,15d 18h
2026-03-16 07:13:00,2245,audit_service,root,0.4,0.2,40,2,sleeping,19d 5h
2026-03-16 07:13:00,8876,maintenance_shell,leticia,0.0,5.9,41,33,stopped,27d 5h
2026-03-16 07:14:00,3456,proc_asm,srv_sagitario,19.0,15.5,1421,36,running,23d 15h
2026-03-16 07:14:00,1234,proc_correlation,srv_sagitario,19.8,19.7,1763,85,running,27d 4h
2026-03-16 07:14:00,9921,proc_db,db_admin,20.6,23.2,1963,60,running,1d 6h
2026-03-16 07:14:00,8854,radar_data_ingestion,srv_sagitario,24.9,14.5,1211,65,running,26d 19h
2026-03-16 07:14:00,4432,flight_plan_manager,srv_sagitario,2.7,7.4,798,30,running,3d 6h
2026-03-16 07:14:00,7685,traffic_control_gui,leticia,3.0,1.1,446,31,stopped,8d 19h
2026-03-16 07:14:00,1102,ops_reporting_srv,srv_sagitario,1.5,1.3,108,26,running,21d 16h
2026-03-16 07:14:00,5567,network_sync_gateway,root,2.6,0.6,93,15,running,19d 8h
2026-03-16 07:14:00,2234,security_auth_srv,root,1.1,2.5,85,9,running,21d 3h
2026-03-16 07:14:00,3341,log_collector,srv_sagitario,2.1,0.7,237,28,running,3d 19h
2026-03-16 07:14:00,4456,alert_generator,srv_sagitario,0.8,4.0,278,16,running,1d 8h
2026-03-16 07:14:00,5578,historical_archiver,srv_sagitario,0.0,0.2,39,1,sleeping,6d 5h
2026-03-16 07:14:00,1123,backup_engine,root,0.4,0.3,20,6,sleeping,29d 21h
2026-03-16 07:14:00,2245,audit_service,root,0.4,0.4,27,5,sleeping,2d 8h
2026-03-16 07:14:00,8876,maintenance_shell,leticia,0.0,2.3,240,6,stopped,8d 5h
2026-03-16 07:15:00,3456,proc_asm,srv_sagitario,17.2,12.4,1051,60,running,14d 19h
2026-03-16 07:15:00,1234,proc_correlation,srv_sagitario,11.4,10.3,1057,83,running,7d 11h
2026-03-16 07:15:00,9921,proc_db,db_admin,15.3,10.1,870,81,running,27d 0h
2026-03-16 07:15:00,8854,radar_data_ingestion,srv_sagitario,10.8,22.6,1947,44,running,29d 10h
2026-03-16 07:15:00,4432,flight_plan_manager,srv_sagitario,2.0,10.8,851,52,running,27d 10h
2026-03-16 07:15:00,7685,traffic_control_gui,leticia,1.0,5.9,387,32,sleeping,19d 12h
2026-03-16 07:15:00,1102,ops_reporting_srv,srv_sagitario,2.3,4.7,76,21,running,30d 23h
2026-03-16 07:15:00,5567,network_sync_gateway,root,2.0,3.3,222,6,running,22d 11h
2026-03-16 07:15:00,2234,security_auth_srv,root,2.4,3.9,56,21,running,8d 22h
2026-03-16 07:15:00,3341,log_collector,srv_sagitario,2.7,1.2,344,19,running,26d 6h
2026-03-16 07:15:00,4456,alert_generator,srv_sagitario,1.7,1.7,195,22,running,2d 17h
2026-03-16 07:15:00,5578,historical_archiver,srv_sagitario,0.3,0.2,16,7,sleeping,5d 14h
2026-03-16 07:15:00,1123,backup_engine,root,0.0,0.4,11,2,sleeping,6d 21h
2026-03-16 07:15:00,2245,audit_service,root,0.4,0.2,29,6,sleeping,29d 11h
2026-03-16 07:15:00,8876,maintenance_shell,leticia,0.0,6.1,340,20,sleeping,29d 13h
